,behavior,cluster,date,depth,ephys,isiViolations,nSpikes,sessiontype,subject,tetrode
0,"[None, 'band002_am_tuning_curve_20160812a.h5', 'band002_am_tuning_curve_20160812b.h5', 'band002_bandwidth_am_20160812c.h5']",1.0,2016-08-12,1177.0,"['2016-08-12_10-35-41', '2016-08-12_10-37-28', '2016-08-12_10-48-21', '2016-08-12_10-55-43']",42.8571428571,8.0,"['noisebursts', 'tuningCurve', 'AM', 'bandwidth']",band002,1.0
1,"[None, 'band002_am_tuning_curve_20160812a.h5', 'band002_am_tuning_curve_20160812b.h5', 'band002_bandwidth_am_20160812c.h5']",2.0,2016-08-12,1177.0,"['2016-08-12_10-35-41', '2016-08-12_10-37-28', '2016-08-12_10-48-21', '2016-08-12_10-55-43']",0.0,77.0,"['noisebursts', 'tuningCurve', 'AM', 'bandwidth']",band002,1.0
2,"[None, 'band002_am_tuning_curve_20160812a.h5', 'band002_am_tuning_curve_20160812b.h5', 'band002_bandwidth_am_20160812c.h5']",1.0,2016-08-12,1177.0,"['2016-08-12_10-35-41', '2016-08-12_10-37-28', '2016-08-12_10-48-21', '2016-08-12_10-55-43']",0.0,7.0,"['noisebursts', 'tuningCurve', 'AM', 'bandwidth']",band002,2.0
3,"[None, 'band002_am_tuning_curve_20160812a.h5', 'band002_am_tuning_curve_20160812b.h5', 'band002_bandwidth_am_20160812c.h5']",2.0,2016-08-12,1177.0,"['2016-08-12_10-35-41', '2016-08-12_10-37-28', '2016-08-12_10-48-21', '2016-08-12_10-55-43']",0.0,5058.0,"['noisebursts', 'tuningCurve', 'AM', 'bandwidth']",band002,2.0
4,"[None, 'band002_am_tuning_curve_20160812a.h5', 'band002_am_tuning_curve_20160812b.h5', 'band002_bandwidth_am_20160812c.h5']",3.0,2016-08-12,1177.0,"['2016-08-12_10-35-41', '2016-08-12_10-37-28', '2016-08-12_10-48-21', '2016-08-12_10-55-43']",0.0,3801.0,"['noisebursts', 'tuningCurve', 'AM', 'bandwidth']",band002,2.0
5,"[None, 'band002_am_tuning_curve_20160812a.h5', 'band002_am_tuning_curve_20160812b.h5', 'band002_bandwidth_am_20160812c.h5']",4.0,2016-08-12,1177.0,"['2016-08-12_10-35-41', '2016-08-12_10-37-28', '2016-08-12_10-48-21', '2016-08-12_10-55-43']",0.0,647.0,"['noisebursts', 'tuningCurve', 'AM', 'bandwidth']",band002,2.0
6,"[None, 'band002_am_tuning_curve_20160812a.h5', 'band002_am_tuning_curve_20160812b.h5', 'band002_bandwidth_am_20160812c.h5']",5.0,2016-08-12,1177.0,"['2016-08-12_10-35-41', '2016-08-12_10-37-28', '2016-08-12_10-48-21', '2016-08-12_10-55-43']",0.0,989.0,"['noisebursts', 'tuningCurve', 'AM', 'bandwidth']",band002,2.0
7,"[None, 'band002_am_tuning_curve_20160812a.h5', 'band002_am_tuning_curve_20160812b.h5', 'band002_bandwidth_am_20160812c.h5']",6.0,2016-08-12,1177.0,"['2016-08-12_10-35-41', '2016-08-12_10-37-28', '2016-08-12_10-48-21', '2016-08-12_10-55-43']",0.0,13057.0,"['noisebursts', 'tuningCurve', 'AM', 'bandwidth']",band002,2.0
8,"[None, 'band002_am_tuning_curve_20160812a.h5', 'band002_am_tuning_curve_20160812b.h5', 'band002_bandwidth_am_20160812c.h5']",7.0,2016-08-12,1177.0,"['2016-08-12_10-35-41', '2016-08-12_10-37-28', '2016-08-12_10-48-21', '2016-08-12_10-55-43']",0.0,1099.0,"['noisebursts', 'tuningCurve', 'AM', 'bandwidth']",band002,2.0
9,"[None, 'band002_am_tuning_curve_20160812a.h5', 'band002_am_tuning_curve_20160812b.h5', 'band002_bandwidth_am_20160812c.h5']",8.0,2016-08-12,1177.0,"['2016-08-12_10-35-41', '2016-08-12_10-37-28', '2016-08-12_10-48-21', '2016-08-12_10-55-43']",0.0,635.0,"['noisebursts', 'tuningCurve', 'AM', 'bandwidth']",band002,2.0
10,"[None, 'band002_am_tuning_curve_20160812a.h5', 'band002_am_tuning_curve_20160812b.h5', 'band002_bandwidth_am_20160812c.h5']",9.0,2016-08-12,1177.0,"['2016-08-12_10-35-41', '2016-08-12_10-37-28', '2016-08-12_10-48-21', '2016-08-12_10-55-43']",0.552486187845,544.0,"['noisebursts', 'tuningCurve', 'AM', 'bandwidth']",band002,2.0
11,"[None, 'band002_am_tuning_curve_20160812a.h5', 'band002_am_tuning_curve_20160812b.h5', 'band002_bandwidth_am_20160812c.h5']",10.0,2016-08-12,1177.0,"['2016-08-12_10-35-41', '2016-08-12_10-37-28', '2016-08-12_10-48-21', '2016-08-12_10-55-43']",0.714285714286,421.0,"['noisebursts', 'tuningCurve', 'AM', 'bandwidth']",band002,2.0
12,"[None, 'band002_am_tuning_curve_20160812a.h5', 'band002_am_tuning_curve_20160812b.h5', 'band002_bandwidth_am_20160812c.h5']",11.0,2016-08-12,1177.0,"['2016-08-12_10-35-41', '2016-08-12_10-37-28', '2016-08-12_10-48-21', '2016-08-12_10-55-43']",0.0,364.0,"['noisebursts', 'tuningCurve', 'AM', 'bandwidth']",band002,2.0
13,"[None, 'band002_am_tuning_curve_20160812a.h5', 'band002_am_tuning_curve_20160812b.h5', 'band002_bandwidth_am_20160812c.h5']",12.0,2016-08-12,1177.0,"['2016-08-12_10-35-41', '2016-08-12_10-37-28', '2016-08-12_10-48-21', '2016-08-12_10-55-43']",0.0,2037.0,"['noisebursts', 'tuningCurve', 'AM', 'bandwidth']",band002,2.0
14,"[None, 'band002_am_tuning_curve_20160812a.h5', 'band002_am_tuning_curve_20160812b.h5', 'band002_bandwidth_am_20160812c.h5']",1.0,2016-08-12,1177.0,"['2016-08-12_10-35-41', '2016-08-12_10-37-28', '2016-08-12_10-48-21', '2016-08-12_10-55-43']",14.2857142857,8.0,"['noisebursts', 'tuningCurve', 'AM', 'bandwidth']",band002,3.0
15,"[None, 'band002_am_tuning_curve_20160812a.h5', 'band002_am_tuning_curve_20160812b.h5', 'band002_bandwidth_am_20160812c.h5']",2.0,2016-08-12,1177.0,"['2016-08-12_10-35-41', '2016-08-12_10-37-28', '2016-08-12_10-48-21', '2016-08-12_10-55-43']",0.0,454.0,"['noisebursts', 'tuningCurve', 'AM', 'bandwidth']",band002,3.0
16,"[None, 'band002_am_tuning_curve_20160812a.h5', 'band002_am_tuning_curve_20160812b.h5', 'band002_bandwidth_am_20160812c.h5']",3.0,2016-08-12,1177.0,"['2016-08-12_10-35-41', '2016-08-12_10-37-28', '2016-08-12_10-48-21', '2016-08-12_10-55-43']",1.19047619048,85.0,"['noisebursts', 'tuningCurve', 'AM', 'bandwidth']",band002,3.0
17,"[None, 'band002_am_tuning_curve_20160812a.h5', 'band002_am_tuning_curve_20160812b.h5', 'band002_bandwidth_am_20160812c.h5']",1.0,2016-08-12,1177.0,"['2016-08-12_10-35-41', '2016-08-12_10-37-28', '2016-08-12_10-48-21', '2016-08-12_10-55-43']",0.0,5.0,"['noisebursts', 'tuningCurve', 'AM', 'bandwidth']",band002,4.0
18,"[None, 'band002_am_tuning_curve_20160812a.h5', 'band002_am_tuning_curve_20160812b.h5', 'band002_bandwidth_am_20160812c.h5']",2.0,2016-08-12,1177.0,"['2016-08-12_10-35-41', '2016-08-12_10-37-28', '2016-08-12_10-48-21', '2016-08-12_10-55-43']",0.0,290.0,"['noisebursts', 'tuningCurve', 'AM', 'bandwidth']",band002,4.0
19,"[None, 'band002_am_tuning_curve_20160812a.h5', 'band002_am_tuning_curve_20160812b.h5', 'band002_bandwidth_am_20160812c.h5']",3.0,2016-08-12,1177.0,"['2016-08-12_10-35-41', '2016-08-12_10-37-28', '2016-08-12_10-48-21', '2016-08-12_10-55-43']",0.0,103.0,"['noisebursts', 'tuningCurve', 'AM', 'bandwidth']",band002,4.0
20,"[None, 'band002_am_tuning_curve_20160812a.h5', 'band002_am_tuning_curve_20160812b.h5', 'band002_bandwidth_am_20160812c.h5']",4.0,2016-08-12,1177.0,"['2016-08-12_10-35-41', '2016-08-12_10-37-28', '2016-08-12_10-48-21', '2016-08-12_10-55-43']",0.0,258.0,"['noisebursts', 'tuningCurve', 'AM', 'bandwidth']",band002,4.0
21,"[None, 'band002_am_tuning_curve_20160812a.h5', 'band002_am_tuning_curve_20160812b.h5', 'band002_bandwidth_am_20160812c.h5']",5.0,2016-08-12,1177.0,"['2016-08-12_10-35-41', '2016-08-12_10-37-28', '2016-08-12_10-48-21', '2016-08-12_10-55-43']",0.0,721.0,"['noisebursts', 'tuningCurve', 'AM', 'bandwidth']",band002,4.0
22,"[None, 'band002_am_tuning_curve_20160812a.h5', 'band002_am_tuning_curve_20160812b.h5', 'band002_bandwidth_am_20160812c.h5']",6.0,2016-08-12,1177.0,"['2016-08-12_10-35-41', '2016-08-12_10-37-28', '2016-08-12_10-48-21', '2016-08-12_10-55-43']",0.0,187.0,"['noisebursts', 'tuningCurve', 'AM', 'bandwidth']",band002,4.0
23,"[None, 'band002_am_tuning_curve_20160812a.h5', 'band002_am_tuning_curve_20160812b.h5', 'band002_bandwidth_am_20160812c.h5']",1.0,2016-08-12,1177.0,"['2016-08-12_10-35-41', '2016-08-12_10-37-28', '2016-08-12_10-48-21', '2016-08-12_10-55-43']",0.0,6.0,"['noisebursts', 'tuningCurve', 'AM', 'bandwidth']",band002,5.0
24,"[None, 'band002_am_tuning_curve_20160812a.h5', 'band002_am_tuning_curve_20160812b.h5', 'band002_bandwidth_am_20160812c.h5']",1.0,2016-08-12,1177.0,"['2016-08-12_10-35-41', '2016-08-12_10-37-28', '2016-08-12_10-48-21', '2016-08-12_10-55-43']",0.0,8.0,"['noisebursts', 'tuningCurve', 'AM', 'bandwidth']",band002,6.0
25,"[None, 'band002_am_tuning_curve_20160812a.h5', 'band002_am_tuning_curve_20160812b.h5', 'band002_bandwidth_am_20160812c.h5']",2.0,2016-08-12,1177.0,"['2016-08-12_10-35-41', '2016-08-12_10-37-28', '2016-08-12_10-48-21', '2016-08-12_10-55-43']",0.0,409.0,"['noisebursts', 'tuningCurve', 'AM', 'bandwidth']",band002,6.0
26,"[None, 'band002_am_tuning_curve_20160812a.h5', 'band002_am_tuning_curve_20160812b.h5', 'band002_bandwidth_am_20160812c.h5']",3.0,2016-08-12,1177.0,"['2016-08-12_10-35-41', '2016-08-12_10-37-28', '2016-08-12_10-48-21', '2016-08-12_10-55-43']",0.0,132.0,"['noisebursts', 'tuningCurve', 'AM', 'bandwidth']",band002,6.0
27,"[None, 'band002_am_tuning_curve_20160812a.h5', 'band002_am_tuning_curve_20160812b.h5', 'band002_bandwidth_am_20160812c.h5']",4.0,2016-08-12,1177.0,"['2016-08-12_10-35-41', '2016-08-12_10-37-28', '2016-08-12_10-48-21', '2016-08-12_10-55-43']",0.227790432802,1318.0,"['noisebursts', 'tuningCurve', 'AM', 'bandwidth']",band002,6.0
28,"[None, 'band002_am_tuning_curve_20160812a.h5', 'band002_am_tuning_curve_20160812b.h5', 'band002_bandwidth_am_20160812c.h5']",5.0,2016-08-12,1177.0,"['2016-08-12_10-35-41', '2016-08-12_10-37-28', '2016-08-12_10-48-21', '2016-08-12_10-55-43']",0.0,570.0,"['noisebursts', 'tuningCurve', 'AM', 'bandwidth']",band002,6.0
29,"[None, 'band002_am_tuning_curve_20160812a.h5', 'band002_am_tuning_curve_20160812b.h5', 'band002_bandwidth_am_20160812c.h5']",6.0,2016-08-12,1177.0,"['2016-08-12_10-35-41', '2016-08-12_10-37-28', '2016-08-12_10-48-21', '2016-08-12_10-55-43']",0.0359001974511,5572.0,"['noisebursts', 'tuningCurve', 'AM', 'bandwidth']",band002,6.0
30,"[None, 'band002_am_tuning_curve_20160812a.h5', 'band002_am_tuning_curve_20160812b.h5', 'band002_bandwidth_am_20160812c.h5']",7.0,2016-08-12,1177.0,"['2016-08-12_10-35-41', '2016-08-12_10-37-28', '2016-08-12_10-48-21', '2016-08-12_10-55-43']",0.0,1458.0,"['noisebursts', 'tuningCurve', 'AM', 'bandwidth']",band002,6.0
31,"[None, 'band002_am_tuning_curve_20160812a.h5', 'band002_am_tuning_curve_20160812b.h5', 'band002_bandwidth_am_20160812c.h5']",8.0,2016-08-12,1177.0,"['2016-08-12_10-35-41', '2016-08-12_10-37-28', '2016-08-12_10-48-21', '2016-08-12_10-55-43']",0.0,212.0,"['noisebursts', 'tuningCurve', 'AM', 'bandwidth']",band002,6.0
32,"[None, 'band002_am_tuning_curve_20160812a.h5', 'band002_am_tuning_curve_20160812b.h5', 'band002_bandwidth_am_20160812c.h5']",9.0,2016-08-12,1177.0,"['2016-08-12_10-35-41', '2016-08-12_10-37-28', '2016-08-12_10-48-21', '2016-08-12_10-55-43']",0.0827814569536,1209.0,"['noisebursts', 'tuningCurve', 'AM', 'bandwidth']",band002,6.0
33,"['band002_am_tuning_curve_20160812d.h5', 'band002_am_tuning_curve_20160812e.h5', 'band002_am_tuning_curve_20160812f.h5', 'band002_bandwidth_am_20160812g.h5']",1.0,2016-08-12,1248.0,"['2016-08-12_11-17-48', '2016-08-12_11-19-51', '2016-08-12_11-30-47', '2016-08-12_11-39-44']",0.0,3.0,"['noisebursts', 'tuningCurve', 'AM', 'bandwidth']",band002,1.0
34,"['band002_am_tuning_curve_20160812d.h5', 'band002_am_tuning_curve_20160812e.h5', 'band002_am_tuning_curve_20160812f.h5', 'band002_bandwidth_am_20160812g.h5']",2.0,2016-08-12,1248.0,"['2016-08-12_11-17-48', '2016-08-12_11-19-51', '2016-08-12_11-30-47', '2016-08-12_11-39-44']",1.16279069767,87.0,"['noisebursts', 'tuningCurve', 'AM', 'bandwidth']",band002,1.0
35,"['band002_am_tuning_curve_20160812d.h5', 'band002_am_tuning_curve_20160812e.h5', 'band002_am_tuning_curve_20160812f.h5', 'band002_bandwidth_am_20160812g.h5']",1.0,2016-08-12,1248.0,"['2016-08-12_11-17-48', '2016-08-12_11-19-51', '2016-08-12_11-30-47', '2016-08-12_11-39-44']",0.0,10.0,"['noisebursts', 'tuningCurve', 'AM', 'bandwidth']",band002,2.0
36,"['band002_am_tuning_curve_20160812d.h5', 'band002_am_tuning_curve_20160812e.h5', 'band002_am_tuning_curve_20160812f.h5', 'band002_bandwidth_am_20160812g.h5']",2.0,2016-08-12,1248.0,"['2016-08-12_11-17-48', '2016-08-12_11-19-51', '2016-08-12_11-30-47', '2016-08-12_11-39-44']",0.324675324675,309.0,"['noisebursts', 'tuningCurve', 'AM', 'bandwidth']",band002,2.0
37,"['band002_am_tuning_curve_20160812d.h5', 'band002_am_tuning_curve_20160812e.h5', 'band002_am_tuning_curve_20160812f.h5', 'band002_bandwidth_am_20160812g.h5']",3.0,2016-08-12,1248.0,"['2016-08-12_11-17-48', '2016-08-12_11-19-51', '2016-08-12_11-30-47', '2016-08-12_11-39-44']",0.347222222222,289.0,"['noisebursts', 'tuningCurve', 'AM', 'bandwidth']",band002,2.0
38,"['band002_am_tuning_curve_20160812d.h5', 'band002_am_tuning_curve_20160812e.h5', 'band002_am_tuning_curve_20160812f.h5', 'band002_bandwidth_am_20160812g.h5']",4.0,2016-08-12,1248.0,"['2016-08-12_11-17-48', '2016-08-12_11-19-51', '2016-08-12_11-30-47', '2016-08-12_11-39-44']",0.0,1616.0,"['noisebursts', 'tuningCurve', 'AM', 'bandwidth']",band002,2.0
39,"['band002_am_tuning_curve_20160812d.h5', 'band002_am_tuning_curve_20160812e.h5', 'band002_am_tuning_curve_20160812f.h5', 'band002_bandwidth_am_20160812g.h5']",5.0,2016-08-12,1248.0,"['2016-08-12_11-17-48', '2016-08-12_11-19-51', '2016-08-12_11-30-47', '2016-08-12_11-39-44']",0.0,360.0,"['noisebursts', 'tuningCurve', 'AM', 'bandwidth']",band002,2.0
40,"['band002_am_tuning_curve_20160812d.h5', 'band002_am_tuning_curve_20160812e.h5', 'band002_am_tuning_curve_20160812f.h5', 'band002_bandwidth_am_20160812g.h5']",6.0,2016-08-12,1248.0,"['2016-08-12_11-17-48', '2016-08-12_11-19-51', '2016-08-12_11-30-47', '2016-08-12_11-39-44']",0.0,657.0,"['noisebursts', 'tuningCurve', 'AM', 'bandwidth']",band002,2.0
41,"['band002_am_tuning_curve_20160812d.h5', 'band002_am_tuning_curve_20160812e.h5', 'band002_am_tuning_curve_20160812f.h5', 'band002_bandwidth_am_20160812g.h5']",7.0,2016-08-12,1248.0,"['2016-08-12_11-17-48', '2016-08-12_11-19-51', '2016-08-12_11-30-47', '2016-08-12_11-39-44']",0.0357557879682,11188.0,"['noisebursts', 'tuningCurve', 'AM', 'bandwidth']",band002,2.0
42,"['band002_am_tuning_curve_20160812d.h5', 'band002_am_tuning_curve_20160812e.h5', 'band002_am_tuning_curve_20160812f.h5', 'band002_bandwidth_am_20160812g.h5']",8.0,2016-08-12,1248.0,"['2016-08-12_11-17-48', '2016-08-12_11-19-51', '2016-08-12_11-30-47', '2016-08-12_11-39-44']",0.0,9449.0,"['noisebursts', 'tuningCurve', 'AM', 'bandwidth']",band002,2.0
43,"['band002_am_tuning_curve_20160812d.h5', 'band002_am_tuning_curve_20160812e.h5', 'band002_am_tuning_curve_20160812f.h5', 'band002_bandwidth_am_20160812g.h5']",9.0,2016-08-12,1248.0,"['2016-08-12_11-17-48', '2016-08-12_11-19-51', '2016-08-12_11-30-47', '2016-08-12_11-39-44']",0.0,199.0,"['noisebursts', 'tuningCurve', 'AM', 'bandwidth']",band002,2.0
44,"['band002_am_tuning_curve_20160812d.h5', 'band002_am_tuning_curve_20160812e.h5', 'band002_am_tuning_curve_20160812f.h5', 'band002_bandwidth_am_20160812g.h5']",10.0,2016-08-12,1248.0,"['2016-08-12_11-17-48', '2016-08-12_11-19-51', '2016-08-12_11-30-47', '2016-08-12_11-39-44']",0.112612612613,889.0,"['noisebursts', 'tuningCurve', 'AM', 'bandwidth']",band002,2.0
45,"['band002_am_tuning_curve_20160812d.h5', 'band002_am_tuning_curve_20160812e.h5', 'band002_am_tuning_curve_20160812f.h5', 'band002_bandwidth_am_20160812g.h5']",1.0,2016-08-12,1248.0,"['2016-08-12_11-17-48', '2016-08-12_11-19-51', '2016-08-12_11-30-47', '2016-08-12_11-39-44']",0.0,8.0,"['noisebursts', 'tuningCurve', 'AM', 'bandwidth']",band002,3.0
46,"['band002_am_tuning_curve_20160812d.h5', 'band002_am_tuning_curve_20160812e.h5', 'band002_am_tuning_curve_20160812f.h5', 'band002_bandwidth_am_20160812g.h5']",2.0,2016-08-12,1248.0,"['2016-08-12_11-17-48', '2016-08-12_11-19-51', '2016-08-12_11-30-47', '2016-08-12_11-39-44']",0.0,61.0,"['noisebursts', 'tuningCurve', 'AM', 'bandwidth']",band002,3.0
47,"['band002_am_tuning_curve_20160812d.h5', 'band002_am_tuning_curve_20160812e.h5', 'band002_am_tuning_curve_20160812f.h5', 'band002_bandwidth_am_20160812g.h5']",3.0,2016-08-12,1248.0,"['2016-08-12_11-17-48', '2016-08-12_11-19-51', '2016-08-12_11-30-47', '2016-08-12_11-39-44']",0.787401574803,128.0,"['noisebursts', 'tuningCurve', 'AM', 'bandwidth']",band002,3.0
48,"['band002_am_tuning_curve_20160812d.h5', 'band002_am_tuning_curve_20160812e.h5', 'band002_am_tuning_curve_20160812f.h5', 'band002_bandwidth_am_20160812g.h5']",4.0,2016-08-12,1248.0,"['2016-08-12_11-17-48', '2016-08-12_11-19-51', '2016-08-12_11-30-47', '2016-08-12_11-39-44']",0.0,90.0,"['noisebursts', 'tuningCurve', 'AM', 'bandwidth']",band002,3.0
49,"['band002_am_tuning_curve_20160812d.h5', 'band002_am_tuning_curve_20160812e.h5', 'band002_am_tuning_curve_20160812f.h5', 'band002_bandwidth_am_20160812g.h5']",1.0,2016-08-12,1248.0,"['2016-08-12_11-17-48', '2016-08-12_11-19-51', '2016-08-12_11-30-47', '2016-08-12_11-39-44']",,1.0,"['noisebursts', 'tuningCurve', 'AM', 'bandwidth']",band002,4.0
50,"['band002_am_tuning_curve_20160812d.h5', 'band002_am_tuning_curve_20160812e.h5', 'band002_am_tuning_curve_20160812f.h5', 'band002_bandwidth_am_20160812g.h5']",2.0,2016-08-12,1248.0,"['2016-08-12_11-17-48', '2016-08-12_11-19-51', '2016-08-12_11-30-47', '2016-08-12_11-39-44']",0.0,312.0,"['noisebursts', 'tuningCurve', 'AM', 'bandwidth']",band002,4.0
51,"['band002_am_tuning_curve_20160812d.h5', 'band002_am_tuning_curve_20160812e.h5', 'band002_am_tuning_curve_20160812f.h5', 'band002_bandwidth_am_20160812g.h5']",3.0,2016-08-12,1248.0,"['2016-08-12_11-17-48', '2016-08-12_11-19-51', '2016-08-12_11-30-47', '2016-08-12_11-39-44']",0.0,112.0,"['noisebursts', 'tuningCurve', 'AM', 'bandwidth']",band002,4.0
52,"['band002_am_tuning_curve_20160812d.h5', 'band002_am_tuning_curve_20160812e.h5', 'band002_am_tuning_curve_20160812f.h5', 'band002_bandwidth_am_20160812g.h5']",4.0,2016-08-12,1248.0,"['2016-08-12_11-17-48', '2016-08-12_11-19-51', '2016-08-12_11-30-47', '2016-08-12_11-39-44']",0.0,508.0,"['noisebursts', 'tuningCurve', 'AM', 'bandwidth']",band002,4.0
53,"['band002_am_tuning_curve_20160812d.h5', 'band002_am_tuning_curve_20160812e.h5', 'band002_am_tuning_curve_20160812f.h5', 'band002_bandwidth_am_20160812g.h5']",5.0,2016-08-12,1248.0,"['2016-08-12_11-17-48', '2016-08-12_11-19-51', '2016-08-12_11-30-47', '2016-08-12_11-39-44']",0.0,253.0,"['noisebursts', 'tuningCurve', 'AM', 'bandwidth']",band002,4.0
54,"['band002_am_tuning_curve_20160812d.h5', 'band002_am_tuning_curve_20160812e.h5', 'band002_am_tuning_curve_20160812f.h5', 'band002_bandwidth_am_20160812g.h5']",6.0,2016-08-12,1248.0,"['2016-08-12_11-17-48', '2016-08-12_11-19-51', '2016-08-12_11-30-47', '2016-08-12_11-39-44']",0.0,95.0,"['noisebursts', 'tuningCurve', 'AM', 'bandwidth']",band002,4.0
55,"['band002_am_tuning_curve_20160812d.h5', 'band002_am_tuning_curve_20160812e.h5', 'band002_am_tuning_curve_20160812f.h5', 'band002_bandwidth_am_20160812g.h5']",7.0,2016-08-12,1248.0,"['2016-08-12_11-17-48', '2016-08-12_11-19-51', '2016-08-12_11-30-47', '2016-08-12_11-39-44']",0.0,94.0,"['noisebursts', 'tuningCurve', 'AM', 'bandwidth']",band002,4.0
56,"['band002_am_tuning_curve_20160812d.h5', 'band002_am_tuning_curve_20160812e.h5', 'band002_am_tuning_curve_20160812f.h5', 'band002_bandwidth_am_20160812g.h5']",8.0,2016-08-12,1248.0,"['2016-08-12_11-17-48', '2016-08-12_11-19-51', '2016-08-12_11-30-47', '2016-08-12_11-39-44']",0.0910746812386,1099.0,"['noisebursts', 'tuningCurve', 'AM', 'bandwidth']",band002,4.0
57,"['band002_am_tuning_curve_20160812d.h5', 'band002_am_tuning_curve_20160812e.h5', 'band002_am_tuning_curve_20160812f.h5', 'band002_bandwidth_am_20160812g.h5']",1.0,2016-08-12,1248.0,"['2016-08-12_11-17-48', '2016-08-12_11-19-51', '2016-08-12_11-30-47', '2016-08-12_11-39-44']",0.0,38.0,"['noisebursts', 'tuningCurve', 'AM', 'bandwidth']",band002,5.0
58,"['band002_am_tuning_curve_20160812d.h5', 'band002_am_tuning_curve_20160812e.h5', 'band002_am_tuning_curve_20160812f.h5', 'band002_bandwidth_am_20160812g.h5']",1.0,2016-08-12,1248.0,"['2016-08-12_11-17-48', '2016-08-12_11-19-51', '2016-08-12_11-30-47', '2016-08-12_11-39-44']",0.0,3.0,"['noisebursts', 'tuningCurve', 'AM', 'bandwidth']",band002,6.0
59,"['band002_am_tuning_curve_20160812d.h5', 'band002_am_tuning_curve_20160812e.h5', 'band002_am_tuning_curve_20160812f.h5', 'band002_bandwidth_am_20160812g.h5']",2.0,2016-08-12,1248.0,"['2016-08-12_11-17-48', '2016-08-12_11-19-51', '2016-08-12_11-30-47', '2016-08-12_11-39-44']",0.0,136.0,"['noisebursts', 'tuningCurve', 'AM', 'bandwidth']",band002,6.0
60,"['band002_am_tuning_curve_20160812d.h5', 'band002_am_tuning_curve_20160812e.h5', 'band002_am_tuning_curve_20160812f.h5', 'band002_bandwidth_am_20160812g.h5']",3.0,2016-08-12,1248.0,"['2016-08-12_11-17-48', '2016-08-12_11-19-51', '2016-08-12_11-30-47', '2016-08-12_11-39-44']",0.0,421.0,"['noisebursts', 'tuningCurve', 'AM', 'bandwidth']",band002,6.0
61,"['band002_am_tuning_curve_20160812d.h5', 'band002_am_tuning_curve_20160812e.h5', 'band002_am_tuning_curve_20160812f.h5', 'band002_bandwidth_am_20160812g.h5']",4.0,2016-08-12,1248.0,"['2016-08-12_11-17-48', '2016-08-12_11-19-51', '2016-08-12_11-30-47', '2016-08-12_11-39-44']",0.0,879.0,"['noisebursts', 'tuningCurve', 'AM', 'bandwidth']",band002,6.0
62,"['band002_am_tuning_curve_20160812d.h5', 'band002_am_tuning_curve_20160812e.h5', 'band002_am_tuning_curve_20160812f.h5', 'band002_bandwidth_am_20160812g.h5']",5.0,2016-08-12,1248.0,"['2016-08-12_11-17-48', '2016-08-12_11-19-51', '2016-08-12_11-30-47', '2016-08-12_11-39-44']",0.0,1357.0,"['noisebursts', 'tuningCurve', 'AM', 'bandwidth']",band002,6.0
63,"['band002_am_tuning_curve_20160812d.h5', 'band002_am_tuning_curve_20160812e.h5', 'band002_am_tuning_curve_20160812f.h5', 'band002_bandwidth_am_20160812g.h5']",6.0,2016-08-12,1248.0,"['2016-08-12_11-17-48', '2016-08-12_11-19-51', '2016-08-12_11-30-47', '2016-08-12_11-39-44']",0.0,1440.0,"['noisebursts', 'tuningCurve', 'AM', 'bandwidth']",band002,6.0
64,"['band002_am_tuning_curve_20160812d.h5', 'band002_am_tuning_curve_20160812e.h5', 'band002_am_tuning_curve_20160812f.h5', 'band002_bandwidth_am_20160812g.h5']",7.0,2016-08-12,1248.0,"['2016-08-12_11-17-48', '2016-08-12_11-19-51', '2016-08-12_11-30-47', '2016-08-12_11-39-44']",0.516795865633,388.0,"['noisebursts', 'tuningCurve', 'AM', 'bandwidth']",band002,6.0
65,"['band002_am_tuning_curve_20160812d.h5', 'band002_am_tuning_curve_20160812e.h5', 'band002_am_tuning_curve_20160812f.h5', 'band002_bandwidth_am_20160812g.h5']",8.0,2016-08-12,1248.0,"['2016-08-12_11-17-48', '2016-08-12_11-19-51', '2016-08-12_11-30-47', '2016-08-12_11-39-44']",0.0,149.0,"['noisebursts', 'tuningCurve', 'AM', 'bandwidth']",band002,6.0
66,"['band002_am_tuning_curve_20160812d.h5', 'band002_am_tuning_curve_20160812e.h5', 'band002_am_tuning_curve_20160812f.h5', 'band002_bandwidth_am_20160812g.h5']",9.0,2016-08-12,1248.0,"['2016-08-12_11-17-48', '2016-08-12_11-19-51', '2016-08-12_11-30-47', '2016-08-12_11-39-44']",0.529100529101,190.0,"['noisebursts', 'tuningCurve', 'AM', 'bandwidth']",band002,6.0
67,"['band002_am_tuning_curve_20160812h.h5', 'band002_am_tuning_curve_20160812i.h5', 'band002_am_tuning_curve_20160812j.h5', 'band002_bandwidth_am_20160812k.h5']",1.0,2016-08-12,1380.0,"['2016-08-12_12-06-33', '2016-08-12_12-08-44', '2016-08-12_12-19-40', '2016-08-12_12-27-34']",,1.0,"['noisebursts', 'tuningCurve', 'AM', 'bandwidth']",band002,1.0
68,"['band002_am_tuning_curve_20160812h.h5', 'band002_am_tuning_curve_20160812i.h5', 'band002_am_tuning_curve_20160812j.h5', 'band002_bandwidth_am_20160812k.h5']",2.0,2016-08-12,1380.0,"['2016-08-12_12-06-33', '2016-08-12_12-08-44', '2016-08-12_12-19-40', '2016-08-12_12-27-34']",0.879507475814,1138.0,"['noisebursts', 'tuningCurve', 'AM', 'bandwidth']",band002,1.0
69,"['band002_am_tuning_curve_20160812h.h5', 'band002_am_tuning_curve_20160812i.h5', 'band002_am_tuning_curve_20160812j.h5', 'band002_bandwidth_am_20160812k.h5']",3.0,2016-08-12,1380.0,"['2016-08-12_12-06-33', '2016-08-12_12-08-44', '2016-08-12_12-19-40', '2016-08-12_12-27-34']",0.0,1687.0,"['noisebursts', 'tuningCurve', 'AM', 'bandwidth']",band002,1.0
70,"['band002_am_tuning_curve_20160812h.h5', 'band002_am_tuning_curve_20160812i.h5', 'band002_am_tuning_curve_20160812j.h5', 'band002_bandwidth_am_20160812k.h5']",4.0,2016-08-12,1380.0,"['2016-08-12_12-06-33', '2016-08-12_12-08-44', '2016-08-12_12-19-40', '2016-08-12_12-27-34']",0.0,299.0,"['noisebursts', 'tuningCurve', 'AM', 'bandwidth']",band002,1.0
71,"['band002_am_tuning_curve_20160812h.h5', 'band002_am_tuning_curve_20160812i.h5', 'band002_am_tuning_curve_20160812j.h5', 'band002_bandwidth_am_20160812k.h5']",5.0,2016-08-12,1380.0,"['2016-08-12_12-06-33', '2016-08-12_12-08-44', '2016-08-12_12-19-40', '2016-08-12_12-27-34']",0.0,326.0,"['noisebursts', 'tuningCurve', 'AM', 'bandwidth']",band002,1.0
72,"['band002_am_tuning_curve_20160812h.h5', 'band002_am_tuning_curve_20160812i.h5', 'band002_am_tuning_curve_20160812j.h5', 'band002_bandwidth_am_20160812k.h5']",6.0,2016-08-12,1380.0,"['2016-08-12_12-06-33', '2016-08-12_12-08-44', '2016-08-12_12-19-40', '2016-08-12_12-27-34']",0.0,317.0,"['noisebursts', 'tuningCurve', 'AM', 'bandwidth']",band002,1.0
73,"['band002_am_tuning_curve_20160812h.h5', 'band002_am_tuning_curve_20160812i.h5', 'band002_am_tuning_curve_20160812j.h5', 'band002_bandwidth_am_20160812k.h5']",7.0,2016-08-12,1380.0,"['2016-08-12_12-06-33', '2016-08-12_12-08-44', '2016-08-12_12-19-40', '2016-08-12_12-27-34']",0.0,7746.0,"['noisebursts', 'tuningCurve', 'AM', 'bandwidth']",band002,1.0
74,"['band002_am_tuning_curve_20160812h.h5', 'band002_am_tuning_curve_20160812i.h5', 'band002_am_tuning_curve_20160812j.h5', 'band002_bandwidth_am_20160812k.h5']",8.0,2016-08-12,1380.0,"['2016-08-12_12-06-33', '2016-08-12_12-08-44', '2016-08-12_12-19-40', '2016-08-12_12-27-34']",0.0,2228.0,"['noisebursts', 'tuningCurve', 'AM', 'bandwidth']",band002,1.0
75,"['band002_am_tuning_curve_20160812h.h5', 'band002_am_tuning_curve_20160812i.h5', 'band002_am_tuning_curve_20160812j.h5', 'band002_bandwidth_am_20160812k.h5']",9.0,2016-08-12,1380.0,"['2016-08-12_12-06-33', '2016-08-12_12-08-44', '2016-08-12_12-19-40', '2016-08-12_12-27-34']",0.0185528756957,5391.0,"['noisebursts', 'tuningCurve', 'AM', 'bandwidth']",band002,1.0
76,"['band002_am_tuning_curve_20160812h.h5', 'band002_am_tuning_curve_20160812i.h5', 'band002_am_tuning_curve_20160812j.h5', 'band002_bandwidth_am_20160812k.h5']",1.0,2016-08-12,1380.0,"['2016-08-12_12-06-33', '2016-08-12_12-08-44', '2016-08-12_12-19-40', '2016-08-12_12-27-34']",0.0,13.0,"['noisebursts', 'tuningCurve', 'AM', 'bandwidth']",band002,2.0
77,"['band002_am_tuning_curve_20160812h.h5', 'band002_am_tuning_curve_20160812i.h5', 'band002_am_tuning_curve_20160812j.h5', 'band002_bandwidth_am_20160812k.h5']",2.0,2016-08-12,1380.0,"['2016-08-12_12-06-33', '2016-08-12_12-08-44', '2016-08-12_12-19-40', '2016-08-12_12-27-34']",0.206810311658,20793.0,"['noisebursts', 'tuningCurve', 'AM', 'bandwidth']",band002,2.0
78,"['band002_am_tuning_curve_20160812h.h5', 'band002_am_tuning_curve_20160812i.h5', 'band002_am_tuning_curve_20160812j.h5', 'band002_bandwidth_am_20160812k.h5']",3.0,2016-08-12,1380.0,"['2016-08-12_12-06-33', '2016-08-12_12-08-44', '2016-08-12_12-19-40', '2016-08-12_12-27-34']",0.0223613595707,4473.0,"['noisebursts', 'tuningCurve', 'AM', 'bandwidth']",band002,2.0
79,"['band002_am_tuning_curve_20160812h.h5', 'band002_am_tuning_curve_20160812i.h5', 'band002_am_tuning_curve_20160812j.h5', 'band002_bandwidth_am_20160812k.h5']",4.0,2016-08-12,1380.0,"['2016-08-12_12-06-33', '2016-08-12_12-08-44', '2016-08-12_12-19-40', '2016-08-12_12-27-34']",0.463883366468,1510.0,"['noisebursts', 'tuningCurve', 'AM', 'bandwidth']",band002,2.0
80,"['band002_am_tuning_curve_20160812h.h5', 'band002_am_tuning_curve_20160812i.h5', 'band002_am_tuning_curve_20160812j.h5', 'band002_bandwidth_am_20160812k.h5']",5.0,2016-08-12,1380.0,"['2016-08-12_12-06-33', '2016-08-12_12-08-44', '2016-08-12_12-19-40', '2016-08-12_12-27-34']",0.699202908684,7152.0,"['noisebursts', 'tuningCurve', 'AM', 'bandwidth']",band002,2.0
81,"['band002_am_tuning_curve_20160812h.h5', 'band002_am_tuning_curve_20160812i.h5', 'band002_am_tuning_curve_20160812j.h5', 'band002_bandwidth_am_20160812k.h5']",6.0,2016-08-12,1380.0,"['2016-08-12_12-06-33', '2016-08-12_12-08-44', '2016-08-12_12-19-40', '2016-08-12_12-27-34']",0.0700280112045,1429.0,"['noisebursts', 'tuningCurve', 'AM', 'bandwidth']",band002,2.0
82,"['band002_am_tuning_curve_20160812h.h5', 'band002_am_tuning_curve_20160812i.h5', 'band002_am_tuning_curve_20160812j.h5', 'band002_bandwidth_am_20160812k.h5']",7.0,2016-08-12,1380.0,"['2016-08-12_12-06-33', '2016-08-12_12-08-44', '2016-08-12_12-19-40', '2016-08-12_12-27-34']",2.45757753072,1710.0,"['noisebursts', 'tuningCurve', 'AM', 'bandwidth']",band002,2.0
83,"['band002_am_tuning_curve_20160812h.h5', 'band002_am_tuning_curve_20160812i.h5', 'band002_am_tuning_curve_20160812j.h5', 'band002_bandwidth_am_20160812k.h5']",8.0,2016-08-12,1380.0,"['2016-08-12_12-06-33', '2016-08-12_12-08-44', '2016-08-12_12-19-40', '2016-08-12_12-27-34']",1.09683830837,27170.0,"['noisebursts', 'tuningCurve', 'AM', 'bandwidth']",band002,2.0
84,"['band002_am_tuning_curve_20160812h.h5', 'band002_am_tuning_curve_20160812i.h5', 'band002_am_tuning_curve_20160812j.h5', 'band002_bandwidth_am_20160812k.h5']",9.0,2016-08-12,1380.0,"['2016-08-12_12-06-33', '2016-08-12_12-08-44', '2016-08-12_12-19-40', '2016-08-12_12-27-34']",0.221099178774,3167.0,"['noisebursts', 'tuningCurve', 'AM', 'bandwidth']",band002,2.0
85,"['band002_am_tuning_curve_20160812h.h5', 'band002_am_tuning_curve_20160812i.h5', 'band002_am_tuning_curve_20160812j.h5', 'band002_bandwidth_am_20160812k.h5']",10.0,2016-08-12,1380.0,"['2016-08-12_12-06-33', '2016-08-12_12-08-44', '2016-08-12_12-19-40', '2016-08-12_12-27-34']",0.487756320924,10047.0,"['noisebursts', 'tuningCurve', 'AM', 'bandwidth']",band002,2.0
86,"['band002_am_tuning_curve_20160812h.h5', 'band002_am_tuning_curve_20160812i.h5', 'band002_am_tuning_curve_20160812j.h5', 'band002_bandwidth_am_20160812k.h5']",11.0,2016-08-12,1380.0,"['2016-08-12_12-06-33', '2016-08-12_12-08-44', '2016-08-12_12-19-40', '2016-08-12_12-27-34']",0.908867600098,4072.0,"['noisebursts', 'tuningCurve', 'AM', 'bandwidth']",band002,2.0
87,"['band002_am_tuning_curve_20160812h.h5', 'band002_am_tuning_curve_20160812i.h5', 'band002_am_tuning_curve_20160812j.h5', 'band002_bandwidth_am_20160812k.h5']",12.0,2016-08-12,1380.0,"['2016-08-12_12-06-33', '2016-08-12_12-08-44', '2016-08-12_12-19-40', '2016-08-12_12-27-34']",0.463231036479,1728.0,"['noisebursts', 'tuningCurve', 'AM', 'bandwidth']",band002,2.0
88,"['band002_am_tuning_curve_20160812h.h5', 'band002_am_tuning_curve_20160812i.h5', 'band002_am_tuning_curve_20160812j.h5', 'band002_bandwidth_am_20160812k.h5']",1.0,2016-08-12,1380.0,"['2016-08-12_12-06-33', '2016-08-12_12-08-44', '2016-08-12_12-19-40', '2016-08-12_12-27-34']",0.0,12.0,"['noisebursts', 'tuningCurve', 'AM', 'bandwidth']",band002,3.0
89,"['band002_am_tuning_curve_20160812h.h5', 'band002_am_tuning_curve_20160812i.h5', 'band002_am_tuning_curve_20160812j.h5', 'band002_bandwidth_am_20160812k.h5']",2.0,2016-08-12,1380.0,"['2016-08-12_12-06-33', '2016-08-12_12-08-44', '2016-08-12_12-19-40', '2016-08-12_12-27-34']",0.0,1071.0,"['noisebursts', 'tuningCurve', 'AM', 'bandwidth']",band002,3.0
90,"['band002_am_tuning_curve_20160812h.h5', 'band002_am_tuning_curve_20160812i.h5', 'band002_am_tuning_curve_20160812j.h5', 'band002_bandwidth_am_20160812k.h5']",3.0,2016-08-12,1380.0,"['2016-08-12_12-06-33', '2016-08-12_12-08-44', '2016-08-12_12-19-40', '2016-08-12_12-27-34']",0.671140939597,150.0,"['noisebursts', 'tuningCurve', 'AM', 'bandwidth']",band002,3.0
91,"['band002_am_tuning_curve_20160812h.h5', 'band002_am_tuning_curve_20160812i.h5', 'band002_am_tuning_curve_20160812j.h5', 'band002_bandwidth_am_20160812k.h5']",4.0,2016-08-12,1380.0,"['2016-08-12_12-06-33', '2016-08-12_12-08-44', '2016-08-12_12-19-40', '2016-08-12_12-27-34']",0.0,129.0,"['noisebursts', 'tuningCurve', 'AM', 'bandwidth']",band002,3.0
92,"['band002_am_tuning_curve_20160812h.h5', 'band002_am_tuning_curve_20160812i.h5', 'band002_am_tuning_curve_20160812j.h5', 'band002_bandwidth_am_20160812k.h5']",5.0,2016-08-12,1380.0,"['2016-08-12_12-06-33', '2016-08-12_12-08-44', '2016-08-12_12-19-40', '2016-08-12_12-27-34']",0.735294117647,137.0,"['noisebursts', 'tuningCurve', 'AM', 'bandwidth']",band002,3.0
93,"['band002_am_tuning_curve_20160812h.h5', 'band002_am_tuning_curve_20160812i.h5', 'band002_am_tuning_curve_20160812j.h5', 'band002_bandwidth_am_20160812k.h5']",6.0,2016-08-12,1380.0,"['2016-08-12_12-06-33', '2016-08-12_12-08-44', '2016-08-12_12-19-40', '2016-08-12_12-27-34']",0.0,502.0,"['noisebursts', 'tuningCurve', 'AM', 'bandwidth']",band002,3.0
94,"['band002_am_tuning_curve_20160812h.h5', 'band002_am_tuning_curve_20160812i.h5', 'band002_am_tuning_curve_20160812j.h5', 'band002_bandwidth_am_20160812k.h5']",7.0,2016-08-12,1380.0,"['2016-08-12_12-06-33', '2016-08-12_12-08-44', '2016-08-12_12-19-40', '2016-08-12_12-27-34']",0.25974025974,386.0,"['noisebursts', 'tuningCurve', 'AM', 'bandwidth']",band002,3.0
95,"['band002_am_tuning_curve_20160812h.h5', 'band002_am_tuning_curve_20160812i.h5', 'band002_am_tuning_curve_20160812j.h5', 'band002_bandwidth_am_20160812k.h5']",8.0,2016-08-12,1380.0,"['2016-08-12_12-06-33', '2016-08-12_12-08-44', '2016-08-12_12-19-40', '2016-08-12_12-27-34']",0.920810313076,544.0,"['noisebursts', 'tuningCurve', 'AM', 'bandwidth']",band002,3.0
96,"['band002_am_tuning_curve_20160812h.h5', 'band002_am_tuning_curve_20160812i.h5', 'band002_am_tuning_curve_20160812j.h5', 'band002_bandwidth_am_20160812k.h5']",1.0,2016-08-12,1380.0,"['2016-08-12_12-06-33', '2016-08-12_12-08-44', '2016-08-12_12-19-40', '2016-08-12_12-27-34']",0.0,2.0,"['noisebursts', 'tuningCurve', 'AM', 'bandwidth']",band002,4.0
97,"['band002_am_tuning_curve_20160812h.h5', 'band002_am_tuning_curve_20160812i.h5', 'band002_am_tuning_curve_20160812j.h5', 'band002_bandwidth_am_20160812k.h5']",2.0,2016-08-12,1380.0,"['2016-08-12_12-06-33', '2016-08-12_12-08-44', '2016-08-12_12-19-40', '2016-08-12_12-27-34']",0.169348010161,2363.0,"['noisebursts', 'tuningCurve', 'AM', 'bandwidth']",band002,4.0
98,"['band002_am_tuning_curve_20160812h.h5', 'band002_am_tuning_curve_20160812i.h5', 'band002_am_tuning_curve_20160812j.h5', 'band002_bandwidth_am_20160812k.h5']",3.0,2016-08-12,1380.0,"['2016-08-12_12-06-33', '2016-08-12_12-08-44', '2016-08-12_12-19-40', '2016-08-12_12-27-34']",0.0,407.0,"['noisebursts', 'tuningCurve', 'AM', 'bandwidth']",band002,4.0
99,"['band002_am_tuning_curve_20160812h.h5', 'band002_am_tuning_curve_20160812i.h5', 'band002_am_tuning_curve_20160812j.h5', 'band002_bandwidth_am_20160812k.h5']",4.0,2016-08-12,1380.0,"['2016-08-12_12-06-33', '2016-08-12_12-08-44', '2016-08-12_12-19-40', '2016-08-12_12-27-34']",0.0,1808.0,"['noisebursts', 'tuningCurve', 'AM', 'bandwidth']",band002,4.0
100,"['band002_am_tuning_curve_20160812h.h5', 'band002_am_tuning_curve_20160812i.h5', 'band002_am_tuning_curve_20160812j.h5', 'band002_bandwidth_am_20160812k.h5']",5.0,2016-08-12,1380.0,"['2016-08-12_12-06-33', '2016-08-12_12-08-44', '2016-08-12_12-19-40', '2016-08-12_12-27-34']",0.0,363.0,"['noisebursts', 'tuningCurve', 'AM', 'bandwidth']",band002,4.0
101,"['band002_am_tuning_curve_20160812h.h5', 'band002_am_tuning_curve_20160812i.h5', 'band002_am_tuning_curve_20160812j.h5', 'band002_bandwidth_am_20160812k.h5']",6.0,2016-08-12,1380.0,"['2016-08-12_12-06-33', '2016-08-12_12-08-44', '2016-08-12_12-19-40', '2016-08-12_12-27-34']",0.252206809584,794.0,"['noisebursts', 'tuningCurve', 'AM', 'bandwidth']",band002,4.0
102,"['band002_am_tuning_curve_20160812h.h5', 'band002_am_tuning_curve_20160812i.h5', 'band002_am_tuning_curve_20160812j.h5', 'band002_bandwidth_am_20160812k.h5']",7.0,2016-08-12,1380.0,"['2016-08-12_12-06-33', '2016-08-12_12-08-44', '2016-08-12_12-19-40', '2016-08-12_12-27-34']",0.293685756241,682.0,"['noisebursts', 'tuningCurve', 'AM', 'bandwidth']",band002,4.0
103,"['band002_am_tuning_curve_20160812h.h5', 'band002_am_tuning_curve_20160812i.h5', 'band002_am_tuning_curve_20160812j.h5', 'band002_bandwidth_am_20160812k.h5']",8.0,2016-08-12,1380.0,"['2016-08-12_12-06-33', '2016-08-12_12-08-44', '2016-08-12_12-19-40', '2016-08-12_12-27-34']",0.0871687587169,5737.0,"['noisebursts', 'tuningCurve', 'AM', 'bandwidth']",band002,4.0
104,"['band002_am_tuning_curve_20160812h.h5', 'band002_am_tuning_curve_20160812i.h5', 'band002_am_tuning_curve_20160812j.h5', 'band002_bandwidth_am_20160812k.h5']",9.0,2016-08-12,1380.0,"['2016-08-12_12-06-33', '2016-08-12_12-08-44', '2016-08-12_12-19-40', '2016-08-12_12-27-34']",0.0,212.0,"['noisebursts', 'tuningCurve', 'AM', 'bandwidth']",band002,4.0
105,"['band002_am_tuning_curve_20160812h.h5', 'band002_am_tuning_curve_20160812i.h5', 'band002_am_tuning_curve_20160812j.h5', 'band002_bandwidth_am_20160812k.h5']",10.0,2016-08-12,1380.0,"['2016-08-12_12-06-33', '2016-08-12_12-08-44', '2016-08-12_12-19-40', '2016-08-12_12-27-34']",0.0701508242722,2852.0,"['noisebursts', 'tuningCurve', 'AM', 'bandwidth']",band002,4.0
106,"['band002_am_tuning_curve_20160812h.h5', 'band002_am_tuning_curve_20160812i.h5', 'band002_am_tuning_curve_20160812j.h5', 'band002_bandwidth_am_20160812k.h5']",11.0,2016-08-12,1380.0,"['2016-08-12_12-06-33', '2016-08-12_12-08-44', '2016-08-12_12-19-40', '2016-08-12_12-27-34']",0.340367597005,1470.0,"['noisebursts', 'tuningCurve', 'AM', 'bandwidth']",band002,4.0
107,"['band002_am_tuning_curve_20160812h.h5', 'band002_am_tuning_curve_20160812i.h5', 'band002_am_tuning_curve_20160812j.h5', 'band002_bandwidth_am_20160812k.h5']",1.0,2016-08-12,1380.0,"['2016-08-12_12-06-33', '2016-08-12_12-08-44', '2016-08-12_12-19-40', '2016-08-12_12-27-34']",0.0,774.0,"['noisebursts', 'tuningCurve', 'AM', 'bandwidth']",band002,5.0
108,"['band002_am_tuning_curve_20160812h.h5', 'band002_am_tuning_curve_20160812i.h5', 'band002_am_tuning_curve_20160812j.h5', 'band002_bandwidth_am_20160812k.h5']",1.0,2016-08-12,1380.0,"['2016-08-12_12-06-33', '2016-08-12_12-08-44', '2016-08-12_12-19-40', '2016-08-12_12-27-34']",0.0,23.0,"['noisebursts', 'tuningCurve', 'AM', 'bandwidth']",band002,6.0
109,"['band002_am_tuning_curve_20160812h.h5', 'band002_am_tuning_curve_20160812i.h5', 'band002_am_tuning_curve_20160812j.h5', 'band002_bandwidth_am_20160812k.h5']",2.0,2016-08-12,1380.0,"['2016-08-12_12-06-33', '2016-08-12_12-08-44', '2016-08-12_12-19-40', '2016-08-12_12-27-34']",0.0,1037.0,"['noisebursts', 'tuningCurve', 'AM', 'bandwidth']",band002,6.0
110,"['band002_am_tuning_curve_20160812h.h5', 'band002_am_tuning_curve_20160812i.h5', 'band002_am_tuning_curve_20160812j.h5', 'band002_bandwidth_am_20160812k.h5']",3.0,2016-08-12,1380.0,"['2016-08-12_12-06-33', '2016-08-12_12-08-44', '2016-08-12_12-19-40', '2016-08-12_12-27-34']",0.158856235107,1260.0,"['noisebursts', 'tuningCurve', 'AM', 'bandwidth']",band002,6.0
111,"['band002_am_tuning_curve_20160812h.h5', 'band002_am_tuning_curve_20160812i.h5', 'band002_am_tuning_curve_20160812j.h5', 'band002_bandwidth_am_20160812k.h5']",4.0,2016-08-12,1380.0,"['2016-08-12_12-06-33', '2016-08-12_12-08-44', '2016-08-12_12-19-40', '2016-08-12_12-27-34']",0.0,2058.0,"['noisebursts', 'tuningCurve', 'AM', 'bandwidth']",band002,6.0
112,"['band002_am_tuning_curve_20160812h.h5', 'band002_am_tuning_curve_20160812i.h5', 'band002_am_tuning_curve_20160812j.h5', 'band002_bandwidth_am_20160812k.h5']",5.0,2016-08-12,1380.0,"['2016-08-12_12-06-33', '2016-08-12_12-08-44', '2016-08-12_12-19-40', '2016-08-12_12-27-34']",0.0531914893617,1881.0,"['noisebursts', 'tuningCurve', 'AM', 'bandwidth']",band002,6.0
113,"['band002_am_tuning_curve_20160812h.h5', 'band002_am_tuning_curve_20160812i.h5', 'band002_am_tuning_curve_20160812j.h5', 'band002_bandwidth_am_20160812k.h5']",6.0,2016-08-12,1380.0,"['2016-08-12_12-06-33', '2016-08-12_12-08-44', '2016-08-12_12-19-40', '2016-08-12_12-27-34']",0.369003690037,272.0,"['noisebursts', 'tuningCurve', 'AM', 'bandwidth']",band002,6.0
114,"['band002_am_tuning_curve_20160812h.h5', 'band002_am_tuning_curve_20160812i.h5', 'band002_am_tuning_curve_20160812j.h5', 'band002_bandwidth_am_20160812k.h5']",7.0,2016-08-12,1380.0,"['2016-08-12_12-06-33', '2016-08-12_12-08-44', '2016-08-12_12-19-40', '2016-08-12_12-27-34']",0.0,192.0,"['noisebursts', 'tuningCurve', 'AM', 'bandwidth']",band002,6.0
115,"['band002_am_tuning_curve_20160812h.h5', 'band002_am_tuning_curve_20160812i.h5', 'band002_am_tuning_curve_20160812j.h5', 'band002_bandwidth_am_20160812k.h5']",8.0,2016-08-12,1380.0,"['2016-08-12_12-06-33', '2016-08-12_12-08-44', '2016-08-12_12-19-40', '2016-08-12_12-27-34']",0.0329272308199,3038.0,"['noisebursts', 'tuningCurve', 'AM', 'bandwidth']",band002,6.0
116,"['band002_am_tuning_curve_20160812h.h5', 'band002_am_tuning_curve_20160812i.h5', 'band002_am_tuning_curve_20160812j.h5', 'band002_bandwidth_am_20160812k.h5']",9.0,2016-08-12,1380.0,"['2016-08-12_12-06-33', '2016-08-12_12-08-44', '2016-08-12_12-19-40', '2016-08-12_12-27-34']",0.0,349.0,"['noisebursts', 'tuningCurve', 'AM', 'bandwidth']",band002,6.0
117,"['band002_am_tuning_curve_20160812h.h5', 'band002_am_tuning_curve_20160812i.h5', 'band002_am_tuning_curve_20160812j.h5', 'band002_bandwidth_am_20160812k.h5']",10.0,2016-08-12,1380.0,"['2016-08-12_12-06-33', '2016-08-12_12-08-44', '2016-08-12_12-19-40', '2016-08-12_12-27-34']",0.0,637.0,"['noisebursts', 'tuningCurve', 'AM', 'bandwidth']",band002,6.0
118,"['band002_am_tuning_curve_20160812h.h5', 'band002_am_tuning_curve_20160812i.h5', 'band002_am_tuning_curve_20160812j.h5', 'band002_bandwidth_am_20160812k.h5']",11.0,2016-08-12,1380.0,"['2016-08-12_12-06-33', '2016-08-12_12-08-44', '2016-08-12_12-19-40', '2016-08-12_12-27-34']",0.125313283208,2395.0,"['noisebursts', 'tuningCurve', 'AM', 'bandwidth']",band002,6.0
119,"['band002_am_tuning_curve_20160812h.h5', 'band002_am_tuning_curve_20160812i.h5', 'band002_am_tuning_curve_20160812j.h5', 'band002_bandwidth_am_20160812k.h5']",12.0,2016-08-12,1380.0,"['2016-08-12_12-06-33', '2016-08-12_12-08-44', '2016-08-12_12-19-40', '2016-08-12_12-27-34']",0.0407664084794,2454.0,"['noisebursts', 'tuningCurve', 'AM', 'bandwidth']",band002,6.0
120,"['band002_am_tuning_curve_20160812l.h5', 'band002_am_tuning_curve_20160812m.h5', 'band002_am_tuning_curve_20160812n.h5', 'band002_bandwidth_am_20160812o.h5']",1.0,2016-08-12,1556.0,"['2016-08-12_12-55-50', '2016-08-12_12-58-22', '2016-08-12_13-09-44', '2016-08-12_13-17-21']",12.0,26.0,"['noisebursts', 'tuningCurve', 'AM', 'bandwidth']",band002,1.0
121,"['band002_am_tuning_curve_20160812l.h5', 'band002_am_tuning_curve_20160812m.h5', 'band002_am_tuning_curve_20160812n.h5', 'band002_bandwidth_am_20160812o.h5']",2.0,2016-08-12,1556.0,"['2016-08-12_12-55-50', '2016-08-12_12-58-22', '2016-08-12_13-09-44', '2016-08-12_13-17-21']",0.0898069151325,2228.0,"['noisebursts', 'tuningCurve', 'AM', 'bandwidth']",band002,1.0
122,"['band002_am_tuning_curve_20160812l.h5', 'band002_am_tuning_curve_20160812m.h5', 'band002_am_tuning_curve_20160812n.h5', 'band002_bandwidth_am_20160812o.h5']",3.0,2016-08-12,1556.0,"['2016-08-12_12-55-50', '2016-08-12_12-58-22', '2016-08-12_13-09-44', '2016-08-12_13-17-21']",1.3671875,1537.0,"['noisebursts', 'tuningCurve', 'AM', 'bandwidth']",band002,1.0
123,"['band002_am_tuning_curve_20160812l.h5', 'band002_am_tuning_curve_20160812m.h5', 'band002_am_tuning_curve_20160812n.h5', 'band002_bandwidth_am_20160812o.h5']",4.0,2016-08-12,1556.0,"['2016-08-12_12-55-50', '2016-08-12_12-58-22', '2016-08-12_13-09-44', '2016-08-12_13-17-21']",2.02669303015,2024.0,"['noisebursts', 'tuningCurve', 'AM', 'bandwidth']",band002,1.0
124,"['band002_am_tuning_curve_20160812l.h5', 'band002_am_tuning_curve_20160812m.h5', 'band002_am_tuning_curve_20160812n.h5', 'band002_bandwidth_am_20160812o.h5']",5.0,2016-08-12,1556.0,"['2016-08-12_12-55-50', '2016-08-12_12-58-22', '2016-08-12_13-09-44', '2016-08-12_13-17-21']",0.0,3710.0,"['noisebursts', 'tuningCurve', 'AM', 'bandwidth']",band002,1.0
125,"['band002_am_tuning_curve_20160812l.h5', 'band002_am_tuning_curve_20160812m.h5', 'band002_am_tuning_curve_20160812n.h5', 'band002_bandwidth_am_20160812o.h5']",6.0,2016-08-12,1556.0,"['2016-08-12_12-55-50', '2016-08-12_12-58-22', '2016-08-12_13-09-44', '2016-08-12_13-17-21']",0.154511742892,3237.0,"['noisebursts', 'tuningCurve', 'AM', 'bandwidth']",band002,1.0
126,"['band002_am_tuning_curve_20160812l.h5', 'band002_am_tuning_curve_20160812m.h5', 'band002_am_tuning_curve_20160812n.h5', 'band002_bandwidth_am_20160812o.h5']",7.0,2016-08-12,1556.0,"['2016-08-12_12-55-50', '2016-08-12_12-58-22', '2016-08-12_13-09-44', '2016-08-12_13-17-21']",0.0760456273764,1316.0,"['noisebursts', 'tuningCurve', 'AM', 'bandwidth']",band002,1.0
127,"['band002_am_tuning_curve_20160812l.h5', 'band002_am_tuning_curve_20160812m.h5', 'band002_am_tuning_curve_20160812n.h5', 'band002_bandwidth_am_20160812o.h5']",8.0,2016-08-12,1556.0,"['2016-08-12_12-55-50', '2016-08-12_12-58-22', '2016-08-12_13-09-44', '2016-08-12_13-17-21']",0.421496311907,1899.0,"['noisebursts', 'tuningCurve', 'AM', 'bandwidth']",band002,1.0
128,"['band002_am_tuning_curve_20160812l.h5', 'band002_am_tuning_curve_20160812m.h5', 'band002_am_tuning_curve_20160812n.h5', 'band002_bandwidth_am_20160812o.h5']",9.0,2016-08-12,1556.0,"['2016-08-12_12-55-50', '2016-08-12_12-58-22', '2016-08-12_13-09-44', '2016-08-12_13-17-21']",1.8041574062,7650.0,"['noisebursts', 'tuningCurve', 'AM', 'bandwidth']",band002,1.0
129,"['band002_am_tuning_curve_20160812l.h5', 'band002_am_tuning_curve_20160812m.h5', 'band002_am_tuning_curve_20160812n.h5', 'band002_bandwidth_am_20160812o.h5']",10.0,2016-08-12,1556.0,"['2016-08-12_12-55-50', '2016-08-12_12-58-22', '2016-08-12_13-09-44', '2016-08-12_13-17-21']",1.45454545455,1101.0,"['noisebursts', 'tuningCurve', 'AM', 'bandwidth']",band002,1.0
130,"['band002_am_tuning_curve_20160812l.h5', 'band002_am_tuning_curve_20160812m.h5', 'band002_am_tuning_curve_20160812n.h5', 'band002_bandwidth_am_20160812o.h5']",11.0,2016-08-12,1556.0,"['2016-08-12_12-55-50', '2016-08-12_12-58-22', '2016-08-12_13-09-44', '2016-08-12_13-17-21']",0.0190005700171,5264.0,"['noisebursts', 'tuningCurve', 'AM', 'bandwidth']",band002,1.0
131,"['band002_am_tuning_curve_20160812l.h5', 'band002_am_tuning_curve_20160812m.h5', 'band002_am_tuning_curve_20160812n.h5', 'band002_bandwidth_am_20160812o.h5']",12.0,2016-08-12,1556.0,"['2016-08-12_12-55-50', '2016-08-12_12-58-22', '2016-08-12_13-09-44', '2016-08-12_13-17-21']",0.0,1644.0,"['noisebursts', 'tuningCurve', 'AM', 'bandwidth']",band002,1.0
132,"['band002_am_tuning_curve_20160812l.h5', 'band002_am_tuning_curve_20160812m.h5', 'band002_am_tuning_curve_20160812n.h5', 'band002_bandwidth_am_20160812o.h5']",1.0,2016-08-12,1556.0,"['2016-08-12_12-55-50', '2016-08-12_12-58-22', '2016-08-12_13-09-44', '2016-08-12_13-17-21']",21.7391304348,24.0,"['noisebursts', 'tuningCurve', 'AM', 'bandwidth']",band002,2.0
133,"['band002_am_tuning_curve_20160812l.h5', 'band002_am_tuning_curve_20160812m.h5', 'band002_am_tuning_curve_20160812n.h5', 'band002_bandwidth_am_20160812o.h5']",2.0,2016-08-12,1556.0,"['2016-08-12_12-55-50', '2016-08-12_12-58-22', '2016-08-12_13-09-44', '2016-08-12_13-17-21']",0.540540540541,186.0,"['noisebursts', 'tuningCurve', 'AM', 'bandwidth']",band002,2.0
134,"['band002_am_tuning_curve_20160812l.h5', 'band002_am_tuning_curve_20160812m.h5', 'band002_am_tuning_curve_20160812n.h5', 'band002_bandwidth_am_20160812o.h5']",3.0,2016-08-12,1556.0,"['2016-08-12_12-55-50', '2016-08-12_12-58-22', '2016-08-12_13-09-44', '2016-08-12_13-17-21']",0.0,379.0,"['noisebursts', 'tuningCurve', 'AM', 'bandwidth']",band002,2.0
135,"['band002_am_tuning_curve_20160812l.h5', 'band002_am_tuning_curve_20160812m.h5', 'band002_am_tuning_curve_20160812n.h5', 'band002_bandwidth_am_20160812o.h5']",4.0,2016-08-12,1556.0,"['2016-08-12_12-55-50', '2016-08-12_12-58-22', '2016-08-12_13-09-44', '2016-08-12_13-17-21']",0.143472022956,698.0,"['noisebursts', 'tuningCurve', 'AM', 'bandwidth']",band002,2.0
136,"['band002_am_tuning_curve_20160812l.h5', 'band002_am_tuning_curve_20160812m.h5', 'band002_am_tuning_curve_20160812n.h5', 'band002_bandwidth_am_20160812o.h5']",5.0,2016-08-12,1556.0,"['2016-08-12_12-55-50', '2016-08-12_12-58-22', '2016-08-12_13-09-44', '2016-08-12_13-17-21']",0.143266475645,699.0,"['noisebursts', 'tuningCurve', 'AM', 'bandwidth']",band002,2.0
137,"['band002_am_tuning_curve_20160812l.h5', 'band002_am_tuning_curve_20160812m.h5', 'band002_am_tuning_curve_20160812n.h5', 'band002_bandwidth_am_20160812o.h5']",6.0,2016-08-12,1556.0,"['2016-08-12_12-55-50', '2016-08-12_12-58-22', '2016-08-12_13-09-44', '2016-08-12_13-17-21']",0.54347826087,737.0,"['noisebursts', 'tuningCurve', 'AM', 'bandwidth']",band002,2.0
138,"['band002_am_tuning_curve_20160812l.h5', 'band002_am_tuning_curve_20160812m.h5', 'band002_am_tuning_curve_20160812n.h5', 'band002_bandwidth_am_20160812o.h5']",7.0,2016-08-12,1556.0,"['2016-08-12_12-55-50', '2016-08-12_12-58-22', '2016-08-12_13-09-44', '2016-08-12_13-17-21']",0.294117647059,341.0,"['noisebursts', 'tuningCurve', 'AM', 'bandwidth']",band002,2.0
139,"['band002_am_tuning_curve_20160812l.h5', 'band002_am_tuning_curve_20160812m.h5', 'band002_am_tuning_curve_20160812n.h5', 'band002_bandwidth_am_20160812o.h5']",8.0,2016-08-12,1556.0,"['2016-08-12_12-55-50', '2016-08-12_12-58-22', '2016-08-12_13-09-44', '2016-08-12_13-17-21']",2.12685150019,2634.0,"['noisebursts', 'tuningCurve', 'AM', 'bandwidth']",band002,2.0
140,"['band002_am_tuning_curve_20160812l.h5', 'band002_am_tuning_curve_20160812m.h5', 'band002_am_tuning_curve_20160812n.h5', 'band002_bandwidth_am_20160812o.h5']",9.0,2016-08-12,1556.0,"['2016-08-12_12-55-50', '2016-08-12_12-58-22', '2016-08-12_13-09-44', '2016-08-12_13-17-21']",1.05348460292,8639.0,"['noisebursts', 'tuningCurve', 'AM', 'bandwidth']",band002,2.0
141,"['band002_am_tuning_curve_20160812l.h5', 'band002_am_tuning_curve_20160812m.h5', 'band002_am_tuning_curve_20160812n.h5', 'band002_bandwidth_am_20160812o.h5']",10.0,2016-08-12,1556.0,"['2016-08-12_12-55-50', '2016-08-12_12-58-22', '2016-08-12_13-09-44', '2016-08-12_13-17-21']",0.248756218905,403.0,"['noisebursts', 'tuningCurve', 'AM', 'bandwidth']",band002,2.0
142,"['band002_am_tuning_curve_20160812l.h5', 'band002_am_tuning_curve_20160812m.h5', 'band002_am_tuning_curve_20160812n.h5', 'band002_bandwidth_am_20160812o.h5']",11.0,2016-08-12,1556.0,"['2016-08-12_12-55-50', '2016-08-12_12-58-22', '2016-08-12_13-09-44', '2016-08-12_13-17-21']",3.20641282565,999.0,"['noisebursts', 'tuningCurve', 'AM', 'bandwidth']",band002,2.0
143,"['band002_am_tuning_curve_20160812l.h5', 'band002_am_tuning_curve_20160812m.h5', 'band002_am_tuning_curve_20160812n.h5', 'band002_bandwidth_am_20160812o.h5']",1.0,2016-08-12,1556.0,"['2016-08-12_12-55-50', '2016-08-12_12-58-22', '2016-08-12_13-09-44', '2016-08-12_13-17-21']",0.73304825901,1638.0,"['noisebursts', 'tuningCurve', 'AM', 'bandwidth']",band002,3.0
144,"['band002_am_tuning_curve_20160812l.h5', 'band002_am_tuning_curve_20160812m.h5', 'band002_am_tuning_curve_20160812n.h5', 'band002_bandwidth_am_20160812o.h5']",1.0,2016-08-12,1556.0,"['2016-08-12_12-55-50', '2016-08-12_12-58-22', '2016-08-12_13-09-44', '2016-08-12_13-17-21']",15.0,21.0,"['noisebursts', 'tuningCurve', 'AM', 'bandwidth']",band002,4.0
145,"['band002_am_tuning_curve_20160812l.h5', 'band002_am_tuning_curve_20160812m.h5', 'band002_am_tuning_curve_20160812n.h5', 'band002_bandwidth_am_20160812o.h5']",2.0,2016-08-12,1556.0,"['2016-08-12_12-55-50', '2016-08-12_12-58-22', '2016-08-12_13-09-44', '2016-08-12_13-17-21']",0.0515331100232,3882.0,"['noisebursts', 'tuningCurve', 'AM', 'bandwidth']",band002,4.0
146,"['band002_am_tuning_curve_20160812l.h5', 'band002_am_tuning_curve_20160812m.h5', 'band002_am_tuning_curve_20160812n.h5', 'band002_bandwidth_am_20160812o.h5']",3.0,2016-08-12,1556.0,"['2016-08-12_12-55-50', '2016-08-12_12-58-22', '2016-08-12_13-09-44', '2016-08-12_13-17-21']",0.23942537909,1254.0,"['noisebursts', 'tuningCurve', 'AM', 'bandwidth']",band002,4.0
147,"['band002_am_tuning_curve_20160812l.h5', 'band002_am_tuning_curve_20160812m.h5', 'band002_am_tuning_curve_20160812n.h5', 'band002_bandwidth_am_20160812o.h5']",4.0,2016-08-12,1556.0,"['2016-08-12_12-55-50', '2016-08-12_12-58-22', '2016-08-12_13-09-44', '2016-08-12_13-17-21']",0.267916945747,2987.0,"['noisebursts', 'tuningCurve', 'AM', 'bandwidth']",band002,4.0
148,"['band002_am_tuning_curve_20160812l.h5', 'band002_am_tuning_curve_20160812m.h5', 'band002_am_tuning_curve_20160812n.h5', 'band002_bandwidth_am_20160812o.h5']",5.0,2016-08-12,1556.0,"['2016-08-12_12-55-50', '2016-08-12_12-58-22', '2016-08-12_13-09-44', '2016-08-12_13-17-21']",0.606060606061,166.0,"['noisebursts', 'tuningCurve', 'AM', 'bandwidth']",band002,4.0
149,"['band002_am_tuning_curve_20160812l.h5', 'band002_am_tuning_curve_20160812m.h5', 'band002_am_tuning_curve_20160812n.h5', 'band002_bandwidth_am_20160812o.h5']",6.0,2016-08-12,1556.0,"['2016-08-12_12-55-50', '2016-08-12_12-58-22', '2016-08-12_13-09-44', '2016-08-12_13-17-21']",0.0,486.0,"['noisebursts', 'tuningCurve', 'AM', 'bandwidth']",band002,4.0
150,"['band002_am_tuning_curve_20160812l.h5', 'band002_am_tuning_curve_20160812m.h5', 'band002_am_tuning_curve_20160812n.h5', 'band002_bandwidth_am_20160812o.h5']",7.0,2016-08-12,1556.0,"['2016-08-12_12-55-50', '2016-08-12_12-58-22', '2016-08-12_13-09-44', '2016-08-12_13-17-21']",0.140056022409,715.0,"['noisebursts', 'tuningCurve', 'AM', 'bandwidth']",band002,4.0
151,"['band002_am_tuning_curve_20160812l.h5', 'band002_am_tuning_curve_20160812m.h5', 'band002_am_tuning_curve_20160812n.h5', 'band002_bandwidth_am_20160812o.h5']",8.0,2016-08-12,1556.0,"['2016-08-12_12-55-50', '2016-08-12_12-58-22', '2016-08-12_13-09-44', '2016-08-12_13-17-21']",0.0,1760.0,"['noisebursts', 'tuningCurve', 'AM', 'bandwidth']",band002,4.0
152,"['band002_am_tuning_curve_20160812l.h5', 'band002_am_tuning_curve_20160812m.h5', 'band002_am_tuning_curve_20160812n.h5', 'band002_bandwidth_am_20160812o.h5']",9.0,2016-08-12,1556.0,"['2016-08-12_12-55-50', '2016-08-12_12-58-22', '2016-08-12_13-09-44', '2016-08-12_13-17-21']",2.39833159541,960.0,"['noisebursts', 'tuningCurve', 'AM', 'bandwidth']",band002,4.0
153,"['band002_am_tuning_curve_20160812l.h5', 'band002_am_tuning_curve_20160812m.h5', 'band002_am_tuning_curve_20160812n.h5', 'band002_bandwidth_am_20160812o.h5']",10.0,2016-08-12,1556.0,"['2016-08-12_12-55-50', '2016-08-12_12-58-22', '2016-08-12_13-09-44', '2016-08-12_13-17-21']",0.964187327824,2179.0,"['noisebursts', 'tuningCurve', 'AM', 'bandwidth']",band002,4.0
154,"['band002_am_tuning_curve_20160812l.h5', 'band002_am_tuning_curve_20160812m.h5', 'band002_am_tuning_curve_20160812n.h5', 'band002_bandwidth_am_20160812o.h5']",1.0,2016-08-12,1556.0,"['2016-08-12_12-55-50', '2016-08-12_12-58-22', '2016-08-12_13-09-44', '2016-08-12_13-17-21']",20.8333333333,25.0,"['noisebursts', 'tuningCurve', 'AM', 'bandwidth']",band002,5.0
155,"['band002_am_tuning_curve_20160812l.h5', 'band002_am_tuning_curve_20160812m.h5', 'band002_am_tuning_curve_20160812n.h5', 'band002_bandwidth_am_20160812o.h5']",2.0,2016-08-12,1556.0,"['2016-08-12_12-55-50', '2016-08-12_12-58-22', '2016-08-12_13-09-44', '2016-08-12_13-17-21']",0.0,490.0,"['noisebursts', 'tuningCurve', 'AM', 'bandwidth']",band002,5.0
156,"['band002_am_tuning_curve_20160812l.h5', 'band002_am_tuning_curve_20160812m.h5', 'band002_am_tuning_curve_20160812n.h5', 'band002_bandwidth_am_20160812o.h5']",3.0,2016-08-12,1556.0,"['2016-08-12_12-55-50', '2016-08-12_12-58-22', '2016-08-12_13-09-44', '2016-08-12_13-17-21']",1.84757505774,2599.0,"['noisebursts', 'tuningCurve', 'AM', 'bandwidth']",band002,5.0
157,"['band002_am_tuning_curve_20160812l.h5', 'band002_am_tuning_curve_20160812m.h5', 'band002_am_tuning_curve_20160812n.h5', 'band002_bandwidth_am_20160812o.h5']",4.0,2016-08-12,1556.0,"['2016-08-12_12-55-50', '2016-08-12_12-58-22', '2016-08-12_13-09-44', '2016-08-12_13-17-21']",0.0,1122.0,"['noisebursts', 'tuningCurve', 'AM', 'bandwidth']",band002,5.0
158,"['band002_am_tuning_curve_20160812l.h5', 'band002_am_tuning_curve_20160812m.h5', 'band002_am_tuning_curve_20160812n.h5', 'band002_bandwidth_am_20160812o.h5']",5.0,2016-08-12,1556.0,"['2016-08-12_12-55-50', '2016-08-12_12-58-22', '2016-08-12_13-09-44', '2016-08-12_13-17-21']",0.0855431993157,1170.0,"['noisebursts', 'tuningCurve', 'AM', 'bandwidth']",band002,5.0
159,"['band002_am_tuning_curve_20160812l.h5', 'band002_am_tuning_curve_20160812m.h5', 'band002_am_tuning_curve_20160812n.h5', 'band002_bandwidth_am_20160812o.h5']",6.0,2016-08-12,1556.0,"['2016-08-12_12-55-50', '2016-08-12_12-58-22', '2016-08-12_13-09-44', '2016-08-12_13-17-21']",0.134589502019,744.0,"['noisebursts', 'tuningCurve', 'AM', 'bandwidth']",band002,5.0
160,"['band002_am_tuning_curve_20160812l.h5', 'band002_am_tuning_curve_20160812m.h5', 'band002_am_tuning_curve_20160812n.h5', 'band002_bandwidth_am_20160812o.h5']",7.0,2016-08-12,1556.0,"['2016-08-12_12-55-50', '2016-08-12_12-58-22', '2016-08-12_13-09-44', '2016-08-12_13-17-21']",0.0,170.0,"['noisebursts', 'tuningCurve', 'AM', 'bandwidth']",band002,5.0
161,"['band002_am_tuning_curve_20160812l.h5', 'band002_am_tuning_curve_20160812m.h5', 'band002_am_tuning_curve_20160812n.h5', 'band002_bandwidth_am_20160812o.h5']",8.0,2016-08-12,1556.0,"['2016-08-12_12-55-50', '2016-08-12_12-58-22', '2016-08-12_13-09-44', '2016-08-12_13-17-21']",1.85185185185,163.0,"['noisebursts', 'tuningCurve', 'AM', 'bandwidth']",band002,5.0
162,"['band002_am_tuning_curve_20160812l.h5', 'band002_am_tuning_curve_20160812m.h5', 'band002_am_tuning_curve_20160812n.h5', 'band002_bandwidth_am_20160812o.h5']",9.0,2016-08-12,1556.0,"['2016-08-12_12-55-50', '2016-08-12_12-58-22', '2016-08-12_13-09-44', '2016-08-12_13-17-21']",0.1178133836,4245.0,"['noisebursts', 'tuningCurve', 'AM', 'bandwidth']",band002,5.0
163,"['band002_am_tuning_curve_20160812l.h5', 'band002_am_tuning_curve_20160812m.h5', 'band002_am_tuning_curve_20160812n.h5', 'band002_bandwidth_am_20160812o.h5']",10.0,2016-08-12,1556.0,"['2016-08-12_12-55-50', '2016-08-12_12-58-22', '2016-08-12_13-09-44', '2016-08-12_13-17-21']",2.13333333333,376.0,"['noisebursts', 'tuningCurve', 'AM', 'bandwidth']",band002,5.0
164,"['band002_am_tuning_curve_20160812l.h5', 'band002_am_tuning_curve_20160812m.h5', 'band002_am_tuning_curve_20160812n.h5', 'band002_bandwidth_am_20160812o.h5']",1.0,2016-08-12,1556.0,"['2016-08-12_12-55-50', '2016-08-12_12-58-22', '2016-08-12_13-09-44', '2016-08-12_13-17-21']",5.88235294118,18.0,"['noisebursts', 'tuningCurve', 'AM', 'bandwidth']",band002,6.0
165,"['band002_am_tuning_curve_20160812l.h5', 'band002_am_tuning_curve_20160812m.h5', 'band002_am_tuning_curve_20160812n.h5', 'band002_bandwidth_am_20160812o.h5']",2.0,2016-08-12,1556.0,"['2016-08-12_12-55-50', '2016-08-12_12-58-22', '2016-08-12_13-09-44', '2016-08-12_13-17-21']",3.0303030303,496.0,"['noisebursts', 'tuningCurve', 'AM', 'bandwidth']",band002,6.0
166,"['band002_am_tuning_curve_20160812l.h5', 'band002_am_tuning_curve_20160812m.h5', 'band002_am_tuning_curve_20160812n.h5', 'band002_bandwidth_am_20160812o.h5']",3.0,2016-08-12,1556.0,"['2016-08-12_12-55-50', '2016-08-12_12-58-22', '2016-08-12_13-09-44', '2016-08-12_13-17-21']",0.0378501135503,2643.0,"['noisebursts', 'tuningCurve', 'AM', 'bandwidth']",band002,6.0
167,"['band002_am_tuning_curve_20160812l.h5', 'band002_am_tuning_curve_20160812m.h5', 'band002_am_tuning_curve_20160812n.h5', 'band002_bandwidth_am_20160812o.h5']",4.0,2016-08-12,1556.0,"['2016-08-12_12-55-50', '2016-08-12_12-58-22', '2016-08-12_13-09-44', '2016-08-12_13-17-21']",1.68208578638,2379.0,"['noisebursts', 'tuningCurve', 'AM', 'bandwidth']",band002,6.0
168,"['band002_am_tuning_curve_20160812l.h5', 'band002_am_tuning_curve_20160812m.h5', 'band002_am_tuning_curve_20160812n.h5', 'band002_bandwidth_am_20160812o.h5']",5.0,2016-08-12,1556.0,"['2016-08-12_12-55-50', '2016-08-12_12-58-22', '2016-08-12_13-09-44', '2016-08-12_13-17-21']",0.166389351082,602.0,"['noisebursts', 'tuningCurve', 'AM', 'bandwidth']",band002,6.0
169,"['band002_am_tuning_curve_20160812l.h5', 'band002_am_tuning_curve_20160812m.h5', 'band002_am_tuning_curve_20160812n.h5', 'band002_bandwidth_am_20160812o.h5']",6.0,2016-08-12,1556.0,"['2016-08-12_12-55-50', '2016-08-12_12-58-22', '2016-08-12_13-09-44', '2016-08-12_13-17-21']",0.259515570934,1157.0,"['noisebursts', 'tuningCurve', 'AM', 'bandwidth']",band002,6.0
170,"['band002_am_tuning_curve_20160812l.h5', 'band002_am_tuning_curve_20160812m.h5', 'band002_am_tuning_curve_20160812n.h5', 'band002_bandwidth_am_20160812o.h5']",7.0,2016-08-12,1556.0,"['2016-08-12_12-55-50', '2016-08-12_12-58-22', '2016-08-12_13-09-44', '2016-08-12_13-17-21']",0.818713450292,856.0,"['noisebursts', 'tuningCurve', 'AM', 'bandwidth']",band002,6.0
171,"['band002_am_tuning_curve_20160812l.h5', 'band002_am_tuning_curve_20160812m.h5', 'band002_am_tuning_curve_20160812n.h5', 'band002_bandwidth_am_20160812o.h5']",8.0,2016-08-12,1556.0,"['2016-08-12_12-55-50', '2016-08-12_12-58-22', '2016-08-12_13-09-44', '2016-08-12_13-17-21']",0.0592241634587,3378.0,"['noisebursts', 'tuningCurve', 'AM', 'bandwidth']",band002,6.0
172,"['band002_am_tuning_curve_20160812l.h5', 'band002_am_tuning_curve_20160812m.h5', 'band002_am_tuning_curve_20160812n.h5', 'band002_bandwidth_am_20160812o.h5']",9.0,2016-08-12,1556.0,"['2016-08-12_12-55-50', '2016-08-12_12-58-22', '2016-08-12_13-09-44', '2016-08-12_13-17-21']",0.10593220339,945.0,"['noisebursts', 'tuningCurve', 'AM', 'bandwidth']",band002,6.0
173,"['band002_am_tuning_curve_20160812l.h5', 'band002_am_tuning_curve_20160812m.h5', 'band002_am_tuning_curve_20160812n.h5', 'band002_bandwidth_am_20160812o.h5']",10.0,2016-08-12,1556.0,"['2016-08-12_12-55-50', '2016-08-12_12-58-22', '2016-08-12_13-09-44', '2016-08-12_13-17-21']",0.0,564.0,"['noisebursts', 'tuningCurve', 'AM', 'bandwidth']",band002,6.0
174,"['band002_am_tuning_curve_20160812l.h5', 'band002_am_tuning_curve_20160812m.h5', 'band002_am_tuning_curve_20160812n.h5', 'band002_bandwidth_am_20160812o.h5']",11.0,2016-08-12,1556.0,"['2016-08-12_12-55-50', '2016-08-12_12-58-22', '2016-08-12_13-09-44', '2016-08-12_13-17-21']",0.0,356.0,"['noisebursts', 'tuningCurve', 'AM', 'bandwidth']",band002,6.0
