,behavior,brainarea,cluster,date,depth,ephys,info,isiViolations,nSpikes,sessiontype,subject,tetrode,clusterQuality
3,"[None, 'band022_am_tuning_curve_20170317a.h5', 'band022_am_tuning_curve_20170317b.h5', 'band022_bandwidth_am_20170317c.h5', 'band022_bandwidth_am_20170317d.h5']",right_thalamus,5,2017-03-17,3204,"['2017-03-17_11-28-33', '2017-03-17_11-36-36', '2017-03-17_11-49-48', '2017-03-17_11-58-07', '2017-03-17_12-17-27']",anteriorDiI,0.2589928058,3476,"['noisebursts', 'tuningCurve', 'AM', 'bandwidth', 'bandwidth']",band022,1,1
6,"[None, 'band022_am_tuning_curve_20170317a.h5', 'band022_am_tuning_curve_20170317b.h5', 'band022_bandwidth_am_20170317c.h5', 'band022_bandwidth_am_20170317d.h5']",right_thalamus,4,2017-03-17,3204,"['2017-03-17_11-28-33', '2017-03-17_11-36-36', '2017-03-17_11-49-48', '2017-03-17_11-58-07', '2017-03-17_12-17-27']",anteriorDiI,0.1634295053,15910,"['noisebursts', 'tuningCurve', 'AM', 'bandwidth', 'bandwidth']",band022,3,1
12,"[None, 'band022_am_tuning_curve_20170317a.h5', 'band022_am_tuning_curve_20170317b.h5', 'band022_bandwidth_am_20170317c.h5', 'band022_bandwidth_am_20170317d.h5']",right_thalamus,2,2017-03-17,3204,"['2017-03-17_11-28-33', '2017-03-17_11-36-36', '2017-03-17_11-49-48', '2017-03-17_11-58-07', '2017-03-17_12-17-27']",anteriorDiI,0.0,1383,"['noisebursts', 'tuningCurve', 'AM', 'bandwidth', 'bandwidth']",band022,6,1
16,"[None, 'band022_am_tuning_curve_20170317a.h5', 'band022_am_tuning_curve_20170317b.h5', 'band022_bandwidth_am_20170317c.h5', 'band022_bandwidth_am_20170317d.h5']",right_thalamus,4,2017-03-17,3204,"['2017-03-17_11-28-33', '2017-03-17_11-36-36', '2017-03-17_11-49-48', '2017-03-17_11-58-07', '2017-03-17_12-17-27']",anteriorDiI,0.6092254134,6895,"['noisebursts', 'tuningCurve', 'AM', 'bandwidth', 'bandwidth']",band022,7,1
20,"[None, 'band022_am_tuning_curve_20170317e.h5', 'band022_am_tuning_curve_20170317f.h5', 'band022_bandwidth_am_20170317g.h5', 'band022_am_tuning_curve_20170317h.h5']",right_thalamus,2,2017-03-17,3301,"['2017-03-17_12-41-16', '2017-03-17_12-43-29', '2017-03-17_12-54-44', '2017-03-17_13-01-53', '2017-03-17_13-21-00']",anteriorDiI,0.0154202005,6486,"['noisebursts', 'tuningCurve', 'AM', 'bandwidth', 'noiseAmps']",band022,2,1
22,"[None, 'band022_am_tuning_curve_20170317e.h5', 'band022_am_tuning_curve_20170317f.h5', 'band022_bandwidth_am_20170317g.h5', 'band022_am_tuning_curve_20170317h.h5']",right_thalamus,4,2017-03-17,3301,"['2017-03-17_12-41-16', '2017-03-17_12-43-29', '2017-03-17_12-54-44', '2017-03-17_13-01-53', '2017-03-17_13-21-00']",anteriorDiI,0.0,802,"['noisebursts', 'tuningCurve', 'AM', 'bandwidth', 'noiseAmps']",band022,2,1
25,"[None, 'band022_am_tuning_curve_20170317e.h5', 'band022_am_tuning_curve_20170317f.h5', 'band022_bandwidth_am_20170317g.h5', 'band022_am_tuning_curve_20170317h.h5']",right_thalamus,2,2017-03-17,3301,"['2017-03-17_12-41-16', '2017-03-17_12-43-29', '2017-03-17_12-54-44', '2017-03-17_13-01-53', '2017-03-17_13-21-00']",anteriorDiI,0.3650227125,12329,"['noisebursts', 'tuningCurve', 'AM', 'bandwidth', 'noiseAmps']",band022,3,1
26,"[None, 'band022_am_tuning_curve_20170317e.h5', 'band022_am_tuning_curve_20170317f.h5', 'band022_bandwidth_am_20170317g.h5', 'band022_am_tuning_curve_20170317h.h5']",right_thalamus,3,2017-03-17,3301,"['2017-03-17_12-41-16', '2017-03-17_12-43-29', '2017-03-17_12-54-44', '2017-03-17_13-01-53', '2017-03-17_13-21-00']",anteriorDiI,0.3190131859,4703,"['noisebursts', 'tuningCurve', 'AM', 'bandwidth', 'noiseAmps']",band022,3,1
28,"[None, 'band022_am_tuning_curve_20170317e.h5', 'band022_am_tuning_curve_20170317f.h5', 'band022_bandwidth_am_20170317g.h5', 'band022_am_tuning_curve_20170317h.h5']",right_thalamus,5,2017-03-17,3301,"['2017-03-17_12-41-16', '2017-03-17_12-43-29', '2017-03-17_12-54-44', '2017-03-17_13-01-53', '2017-03-17_13-21-00']",anteriorDiI,0.260552371,1920,"['noisebursts', 'tuningCurve', 'AM', 'bandwidth', 'noiseAmps']",band022,3,1
31,"[None, 'band022_am_tuning_curve_20170317e.h5', 'band022_am_tuning_curve_20170317f.h5', 'band022_bandwidth_am_20170317g.h5', 'band022_am_tuning_curve_20170317h.h5']",right_thalamus,2,2017-03-17,3301,"['2017-03-17_12-41-16', '2017-03-17_12-43-29', '2017-03-17_12-54-44', '2017-03-17_13-01-53', '2017-03-17_13-21-00']",anteriorDiI,0.7453416149,2416,"['noisebursts', 'tuningCurve', 'AM', 'bandwidth', 'noiseAmps']",band022,5,1
46,"[None, 'band022_am_tuning_curve_20170317i.h5', 'band022_am_tuning_curve_20170317j.h5']",right_thalamus,2,2017-03-17,3395,"['2017-03-17_13-32-08', '2017-03-17_13-35-28', '2017-03-17_13-46-10']",anteriorDiI,0.117370892,853,"['noisebursts', 'tuningCurve', 'AM']",band022,1,1
54,"[None, 'band022_am_tuning_curve_20170317i.h5', 'band022_am_tuning_curve_20170317j.h5']",right_thalamus,2,2017-03-17,3395,"['2017-03-17_13-32-08', '2017-03-17_13-35-28', '2017-03-17_13-46-10']",anteriorDiI,0.0,719,"['noisebursts', 'tuningCurve', 'AM']",band022,6,1
75,"[None, 'band022_am_tuning_curve_20170318a.h5', 'band022_am_tuning_curve_20170318b.h5', 'band022_bandwidth_am_20170318c.h5', 'band022_am_tuning_curve_20170318d.h5']",right_thalamus,3,2017-03-18,3100,"['2017-03-18_13-46-55', '2017-03-18_13-52-17', '2017-03-18_14-04-10', '2017-03-18_14-11-46', '2017-03-18_14-33-17']",posteriorDiD,0.370118589,26479,"['noisebursts', 'tuningCurve', 'AM', 'bandwidth', 'noiseAmps']",band022,4,1
84,"[None, 'band022_am_tuning_curve_20170318a.h5', 'band022_am_tuning_curve_20170318b.h5', 'band022_bandwidth_am_20170318c.h5', 'band022_am_tuning_curve_20170318d.h5']",right_thalamus,5,2017-03-18,3100,"['2017-03-18_13-46-55', '2017-03-18_13-52-17', '2017-03-18_14-04-10', '2017-03-18_14-11-46', '2017-03-18_14-33-17']",posteriorDiD,0.0,84,"['noisebursts', 'tuningCurve', 'AM', 'bandwidth', 'noiseAmps']",band022,7,1
90,"[None, 'band022_am_tuning_curve_20170318e.h5', 'band022_am_tuning_curve_20170318f.h5', 'band022_bandwidth_am_20170318g.h5', 'band022_am_tuning_curve_20170318h.h5']",right_thalamus,2,2017-03-18,3205,"['2017-03-18_14-40-17', '2017-03-18_14-44-22', '2017-03-18_14-57-47', '2017-03-18_15-03-56', '2017-03-18_15-26-12']",posteriorDiD,0.1171899093,16214,"['noisebursts', 'tuningCurve', 'AM', 'bandwidth', 'noiseAmps']",band022,3,1
91,"[None, 'band022_am_tuning_curve_20170318e.h5', 'band022_am_tuning_curve_20170318f.h5', 'band022_bandwidth_am_20170318g.h5', 'band022_am_tuning_curve_20170318h.h5']",right_thalamus,3,2017-03-18,3205,"['2017-03-18_14-40-17', '2017-03-18_14-44-22', '2017-03-18_14-57-47', '2017-03-18_15-03-56', '2017-03-18_15-26-12']",posteriorDiD,0.0,357,"['noisebursts', 'tuningCurve', 'AM', 'bandwidth', 'noiseAmps']",band022,3,1
100,"[None, 'band022_am_tuning_curve_20170318e.h5', 'band022_am_tuning_curve_20170318f.h5', 'band022_bandwidth_am_20170318g.h5', 'band022_am_tuning_curve_20170318h.h5']",right_thalamus,6,2017-03-18,3205,"['2017-03-18_14-40-17', '2017-03-18_14-44-22', '2017-03-18_14-57-47', '2017-03-18_15-03-56', '2017-03-18_15-26-12']",posteriorDiD,0.1626874203,68230,"['noisebursts', 'tuningCurve', 'AM', 'bandwidth', 'noiseAmps']",band022,4,1
117,"[None, 'band022_am_tuning_curve_20170318i.h5', 'band022_am_tuning_curve_20170318j.h5', 'band022_bandwidth_am_20170318k.h5', 'band022_bandwidth_am_20170318l.h5', 'band022_am_tuning_curve_20170318m.h5']",right_thalamus,5,2017-03-18,3290,"['2017-03-18_15-35-24', '2017-03-18_15-37-57', '2017-03-18_15-49-04', '2017-03-18_15-55-17', '2017-03-18_16-17-20', '2017-03-18_16-35-43']",posteriorDiD,0.0164622603,12150,"['noisebursts', 'tuningCurve', 'AM', 'bandwidth', 'bandwidth', 'noiseAmps']",band022,3,1
120,"[None, 'band022_am_tuning_curve_20170318i.h5', 'band022_am_tuning_curve_20170318j.h5', 'band022_bandwidth_am_20170318k.h5', 'band022_bandwidth_am_20170318l.h5', 'band022_am_tuning_curve_20170318m.h5']",right_thalamus,2,2017-03-18,3290,"['2017-03-18_15-35-24', '2017-03-18_15-37-57', '2017-03-18_15-49-04', '2017-03-18_15-55-17', '2017-03-18_16-17-20', '2017-03-18_16-35-43']",posteriorDiD,0.4403244496,21576,"['noisebursts', 'tuningCurve', 'AM', 'bandwidth', 'bandwidth', 'noiseAmps']",band022,4,1
124,"[None, 'band022_am_tuning_curve_20170318i.h5', 'band022_am_tuning_curve_20170318j.h5', 'band022_bandwidth_am_20170318k.h5', 'band022_bandwidth_am_20170318l.h5', 'band022_am_tuning_curve_20170318m.h5']",right_thalamus,6,2017-03-18,3290,"['2017-03-18_15-35-24', '2017-03-18_15-37-57', '2017-03-18_15-49-04', '2017-03-18_15-55-17', '2017-03-18_16-17-20', '2017-03-18_16-35-43']",posteriorDiD,0.0379566661,63231,"['noisebursts', 'tuningCurve', 'AM', 'bandwidth', 'bandwidth', 'noiseAmps']",band022,4,1
129,"[None, 'band022_am_tuning_curve_20170318i.h5', 'band022_am_tuning_curve_20170318j.h5', 'band022_bandwidth_am_20170318k.h5', 'band022_bandwidth_am_20170318l.h5', 'band022_am_tuning_curve_20170318m.h5']",right_thalamus,5,2017-03-18,3290,"['2017-03-18_15-35-24', '2017-03-18_15-37-57', '2017-03-18_15-49-04', '2017-03-18_15-55-17', '2017-03-18_16-17-20', '2017-03-18_16-35-43']",posteriorDiD,0.0,1454,"['noisebursts', 'tuningCurve', 'AM', 'bandwidth', 'bandwidth', 'noiseAmps']",band022,5,1
131,"[None, 'band022_am_tuning_curve_20170318i.h5', 'band022_am_tuning_curve_20170318j.h5', 'band022_bandwidth_am_20170318k.h5', 'band022_bandwidth_am_20170318l.h5', 'band022_am_tuning_curve_20170318m.h5']",right_thalamus,3,2017-03-18,3290,"['2017-03-18_15-35-24', '2017-03-18_15-37-57', '2017-03-18_15-49-04', '2017-03-18_15-55-17', '2017-03-18_16-17-20', '2017-03-18_16-35-43']",posteriorDiD,0.0,187,"['noisebursts', 'tuningCurve', 'AM', 'bandwidth', 'bandwidth', 'noiseAmps']",band022,7,1
145,"[None, 'band023_am_tuning_curve_20170320a.h5', 'band023_am_tuning_curve_20170320b.h5', 'band023_bandwidth_am_20170320c.h5', 'band023_am_tuning_curve_20170320d.h5']",right_thalamus,3,2017-03-20,3301,"['2017-03-20_09-50-03', '2017-03-20_09-53-17', '2017-03-20_10-04-39', '2017-03-20_10-11-28', '2017-03-20_10-31-21']",anteriorDiI,0.0,1042,"['noisebursts', 'tuningCurve', 'AM', 'bandwidth', 'noiseAmps']",band023,7,1
146,"[None, 'band023_am_tuning_curve_20170320a.h5', 'band023_am_tuning_curve_20170320b.h5', 'band023_bandwidth_am_20170320c.h5', 'band023_am_tuning_curve_20170320d.h5']",right_thalamus,4,2017-03-20,3301,"['2017-03-20_09-50-03', '2017-03-20_09-53-17', '2017-03-20_10-04-39', '2017-03-20_10-11-28', '2017-03-20_10-31-21']",anteriorDiI,0.3378378378,297,"['noisebursts', 'tuningCurve', 'AM', 'bandwidth', 'noiseAmps']",band023,7,1
147,"[None, 'band023_am_tuning_curve_20170320e.h5', 'band023_am_tuning_curve_20170320f.h5', 'band023_bandwidth_am_20170320g.h5', 'band023_bandwidth_am_20170320h.h5', 'band023_am_tuning_curve_20170320i.h5']",right_thalamus,2,2017-03-20,3418,"['2017-03-20_10-40-40', '2017-03-20_10-43-49', '2017-03-20_10-55-45', '2017-03-20_11-03-16', '2017-03-20_11-23-39', '2017-03-20_11-48-57']",anteriorDiI,0.2886508943,37070,"['noisebursts', 'tuningCurve', 'AM', 'bandwidth', 'bandwidth', 'noiseAmps']",band023,1,1
148,"[None, 'band023_am_tuning_curve_20170320e.h5', 'band023_am_tuning_curve_20170320f.h5', 'band023_bandwidth_am_20170320g.h5', 'band023_bandwidth_am_20170320h.h5', 'band023_am_tuning_curve_20170320i.h5']",right_thalamus,3,2017-03-20,3418,"['2017-03-20_10-40-40', '2017-03-20_10-43-49', '2017-03-20_10-55-45', '2017-03-20_11-03-16', '2017-03-20_11-23-39', '2017-03-20_11-48-57']",anteriorDiI,0.0525762355,17119,"['noisebursts', 'tuningCurve', 'AM', 'bandwidth', 'bandwidth', 'noiseAmps']",band023,1,1
155,"[None, 'band023_am_tuning_curve_20170320e.h5', 'band023_am_tuning_curve_20170320f.h5', 'band023_bandwidth_am_20170320g.h5', 'band023_bandwidth_am_20170320h.h5', 'band023_am_tuning_curve_20170320i.h5']",right_thalamus,6,2017-03-20,3418,"['2017-03-20_10-40-40', '2017-03-20_10-43-49', '2017-03-20_10-55-45', '2017-03-20_11-03-16', '2017-03-20_11-23-39', '2017-03-20_11-48-57']",anteriorDiI,0.4411802208,39214,"['noisebursts', 'tuningCurve', 'AM', 'bandwidth', 'bandwidth', 'noiseAmps']",band023,4,1
161,"[None, 'band023_am_tuning_curve_20170320e.h5', 'band023_am_tuning_curve_20170320f.h5', 'band023_bandwidth_am_20170320g.h5', 'band023_bandwidth_am_20170320h.h5', 'band023_am_tuning_curve_20170320i.h5']",right_thalamus,3,2017-03-20,3418,"['2017-03-20_10-40-40', '2017-03-20_10-43-49', '2017-03-20_10-55-45', '2017-03-20_11-03-16', '2017-03-20_11-23-39', '2017-03-20_11-48-57']",anteriorDiI,0.1140250855,878,"['noisebursts', 'tuningCurve', 'AM', 'bandwidth', 'bandwidth', 'noiseAmps']",band023,8,1
162,"[None, 'band023_am_tuning_curve_20170320e.h5', 'band023_am_tuning_curve_20170320f.h5', 'band023_bandwidth_am_20170320g.h5', 'band023_bandwidth_am_20170320h.h5', 'band023_am_tuning_curve_20170320i.h5']",right_thalamus,4,2017-03-20,3418,"['2017-03-20_10-40-40', '2017-03-20_10-43-49', '2017-03-20_10-55-45', '2017-03-20_11-03-16', '2017-03-20_11-23-39', '2017-03-20_11-48-57']",anteriorDiI,0.2372166579,3795,"['noisebursts', 'tuningCurve', 'AM', 'bandwidth', 'bandwidth', 'noiseAmps']",band023,8,1
169,"[None, 'band023_am_tuning_curve_20170320j.h5', 'band023_am_tuning_curve_20170320k.h5', 'band023_bandwidth_am_20170320l.h5', 'band023_bandwidth_am_20170320m.h5', 'band023_am_tuning_curve_20170320n.h5']",right_thalamus,5,2017-03-20,3510,"['2017-03-20_11-58-58', '2017-03-20_12-02-09', '2017-03-20_12-14-19', '2017-03-20_12-31-05', '2017-03-20_12-50-19', '2017-03-20_13-09-42']",anteriorDiI,0.3170874927,25546,"['noisebursts', 'tuningCurve', 'AM', 'bandwidth', 'bandwidth', 'noiseAmps']",band023,1,1
170,"[None, 'band023_am_tuning_curve_20170320j.h5', 'band023_am_tuning_curve_20170320k.h5', 'band023_bandwidth_am_20170320l.h5', 'band023_bandwidth_am_20170320m.h5', 'band023_am_tuning_curve_20170320n.h5']",right_thalamus,6,2017-03-20,3510,"['2017-03-20_11-58-58', '2017-03-20_12-02-09', '2017-03-20_12-14-19', '2017-03-20_12-31-05', '2017-03-20_12-50-19', '2017-03-20_13-09-42']",anteriorDiI,0.2005755647,11468,"['noisebursts', 'tuningCurve', 'AM', 'bandwidth', 'bandwidth', 'noiseAmps']",band023,1,1
190,"[None, 'band023_am_tuning_curve_20170320o.h5', 'band023_am_tuning_curve_20170320p.h5', 'band023_bandwidth_am_20170320q.h5', 'band023_bandwidth_am_20170320r.h5', 'band023_am_tuning_curve_20170320s.h5', 'band023_bandwidth_am_20170320t.h5']",right_thalamus,2,2017-03-20,3605,"['2017-03-20_13-17-02', '2017-03-20_13-20-28', '2017-03-20_13-31-05', '2017-03-20_13-39-03', '2017-03-20_14-01-34', '2017-03-20_14-26-10', '2017-03-20_14-31-29']",anteriorDiI,1.3129366418,24907,"['noisebursts', 'tuningCurve', 'AM', 'bandwidth', 'bandwidth', 'noiseAmps', 'bandwidth']",band023,4,1
191,"[None, 'band023_am_tuning_curve_20170320o.h5', 'band023_am_tuning_curve_20170320p.h5', 'band023_bandwidth_am_20170320q.h5', 'band023_bandwidth_am_20170320r.h5', 'band023_am_tuning_curve_20170320s.h5', 'band023_bandwidth_am_20170320t.h5']",right_thalamus,3,2017-03-20,3605,"['2017-03-20_13-17-02', '2017-03-20_13-20-28', '2017-03-20_13-31-05', '2017-03-20_13-39-03', '2017-03-20_14-01-34', '2017-03-20_14-26-10', '2017-03-20_14-31-29']",anteriorDiI,1.4020805066,6634,"['noisebursts', 'tuningCurve', 'AM', 'bandwidth', 'bandwidth', 'noiseAmps', 'bandwidth']",band023,4,1
194,"[None, 'band023_am_tuning_curve_20170320o.h5', 'band023_am_tuning_curve_20170320p.h5', 'band023_bandwidth_am_20170320q.h5', 'band023_bandwidth_am_20170320r.h5', 'band023_am_tuning_curve_20170320s.h5', 'band023_bandwidth_am_20170320t.h5']",right_thalamus,4,2017-03-20,3605,"['2017-03-20_13-17-02', '2017-03-20_13-20-28', '2017-03-20_13-31-05', '2017-03-20_13-39-03', '2017-03-20_14-01-34', '2017-03-20_14-26-10', '2017-03-20_14-31-29']",anteriorDiI,0.0269251481,11143,"['noisebursts', 'tuningCurve', 'AM', 'bandwidth', 'bandwidth', 'noiseAmps', 'bandwidth']",band023,7,1
195,"[None, 'band023_am_tuning_curve_20170320o.h5', 'band023_am_tuning_curve_20170320p.h5', 'band023_bandwidth_am_20170320q.h5', 'band023_bandwidth_am_20170320r.h5', 'band023_am_tuning_curve_20170320s.h5', 'band023_bandwidth_am_20170320t.h5']",right_thalamus,5,2017-03-20,3605,"['2017-03-20_13-17-02', '2017-03-20_13-20-28', '2017-03-20_13-31-05', '2017-03-20_13-39-03', '2017-03-20_14-01-34', '2017-03-20_14-26-10', '2017-03-20_14-31-29']",anteriorDiI,0.0682826903,2930,"['noisebursts', 'tuningCurve', 'AM', 'bandwidth', 'bandwidth', 'noiseAmps', 'bandwidth']",band023,7,1
196,"[None, 'band023_am_tuning_curve_20170320o.h5', 'band023_am_tuning_curve_20170320p.h5', 'band023_bandwidth_am_20170320q.h5', 'band023_bandwidth_am_20170320r.h5', 'band023_am_tuning_curve_20170320s.h5', 'band023_bandwidth_am_20170320t.h5']",right_thalamus,6,2017-03-20,3605,"['2017-03-20_13-17-02', '2017-03-20_13-20-28', '2017-03-20_13-31-05', '2017-03-20_13-39-03', '2017-03-20_14-01-34', '2017-03-20_14-26-10', '2017-03-20_14-31-29']",anteriorDiI,0.6619776583,2418,"['noisebursts', 'tuningCurve', 'AM', 'bandwidth', 'bandwidth', 'noiseAmps', 'bandwidth']",band023,7,1
197,"[None, 'band023_am_tuning_curve_20170320o.h5', 'band023_am_tuning_curve_20170320p.h5', 'band023_bandwidth_am_20170320q.h5', 'band023_bandwidth_am_20170320r.h5', 'band023_am_tuning_curve_20170320s.h5', 'band023_bandwidth_am_20170320t.h5']",right_thalamus,2,2017-03-20,3605,"['2017-03-20_13-17-02', '2017-03-20_13-20-28', '2017-03-20_13-31-05', '2017-03-20_13-39-03', '2017-03-20_14-01-34', '2017-03-20_14-26-10', '2017-03-20_14-31-29']",anteriorDiI,0.0,2018,"['noisebursts', 'tuningCurve', 'AM', 'bandwidth', 'bandwidth', 'noiseAmps', 'bandwidth']",band023,8,1
200,"[None, 'band023_am_tuning_curve_20170320o.h5', 'band023_am_tuning_curve_20170320p.h5', 'band023_bandwidth_am_20170320q.h5', 'band023_bandwidth_am_20170320r.h5', 'band023_am_tuning_curve_20170320s.h5', 'band023_bandwidth_am_20170320t.h5']",right_thalamus,5,2017-03-20,3605,"['2017-03-20_13-17-02', '2017-03-20_13-20-28', '2017-03-20_13-31-05', '2017-03-20_13-39-03', '2017-03-20_14-01-34', '2017-03-20_14-26-10', '2017-03-20_14-31-29']",anteriorDiI,0.2721088435,736,"['noisebursts', 'tuningCurve', 'AM', 'bandwidth', 'bandwidth', 'noiseAmps', 'bandwidth']",band023,8,1
202,"[None, 'band023_am_tuning_curve_20170322a.h5', 'band023_am_tuning_curve_20170322b.h5']",right_thalamus,2,2017-03-22,3300,"['2017-03-22_09-20-44', '2017-03-22_09-23-13', '2017-03-22_09-34-22']",middleDiD,0.3003003003,1000,"['noisebursts', 'tuningCurve', 'AM']",band023,4,1
204,"[None, 'band023_am_tuning_curve_20170322a.h5', 'band023_am_tuning_curve_20170322b.h5']",right_thalamus,4,2017-03-22,3300,"['2017-03-22_09-20-44', '2017-03-22_09-23-13', '2017-03-22_09-34-22']",middleDiD,0.0,653,"['noisebursts', 'tuningCurve', 'AM']",band023,4,1
225,"[None, 'band023_am_tuning_curve_20170322g.h5', 'band023_am_tuning_curve_20170322h.h5', 'band023_bandwidth_am_20170322i.h5', 'band023_bandwidth_am_20170322j.h5', 'band023_am_tuning_curve_20170322k.h5']",right_thalamus,3,2017-03-22,3460,"['2017-03-22_10-32-31', '2017-03-22_10-35-03', '2017-03-22_10-46-43', '2017-03-22_10-53-47', '2017-03-22_11-13-33', '2017-03-22_11-32-01']",middleDiD,0.0,1919,"['noisebursts', 'tuningCurve', 'AM', 'bandwidth', 'bandwidth', 'noiseAmps']",band023,6,1
226,"[None, 'band023_am_tuning_curve_20170322g.h5', 'band023_am_tuning_curve_20170322h.h5', 'band023_bandwidth_am_20170322i.h5', 'band023_bandwidth_am_20170322j.h5', 'band023_am_tuning_curve_20170322k.h5']",right_thalamus,4,2017-03-22,3460,"['2017-03-22_10-32-31', '2017-03-22_10-35-03', '2017-03-22_10-46-43', '2017-03-22_10-53-47', '2017-03-22_11-13-33', '2017-03-22_11-32-01']",middleDiD,0.1668056714,1200,"['noisebursts', 'tuningCurve', 'AM', 'bandwidth', 'bandwidth', 'noiseAmps']",band023,6,1
228,"[None, 'band023_am_tuning_curve_20170322l.h5', 'band023_am_tuning_curve_20170322m.h5', 'band023_bandwidth_am_20170322n.h5', 'band023_bandwidth_am_20170322o.h5', 'band023_bandwidth_am_20170322p.h5', 'band023_am_tuning_curve_20170322q.h5']",right_thalamus,3,2017-03-22,3540,"['2017-03-22_12-18-22', '2017-03-22_12-21-32', '2017-03-22_12-33-05', '2017-03-22_12-39-51', '2017-03-22_12-59-40', '2017-03-22_13-20-06', '2017-03-22_13-40-07']",middleDiD,1.8695352048,34769,"['noisebursts', 'tuningCurve', 'AM', 'bandwidth', 'bandwidth', 'bandwidth', 'noiseAmps']",band023,2,1
230,"[None, 'band023_am_tuning_curve_20170322l.h5', 'band023_am_tuning_curve_20170322m.h5', 'band023_bandwidth_am_20170322n.h5', 'band023_bandwidth_am_20170322o.h5', 'band023_bandwidth_am_20170322p.h5', 'band023_am_tuning_curve_20170322q.h5']",right_thalamus,3,2017-03-22,3540,"['2017-03-22_12-18-22', '2017-03-22_12-21-32', '2017-03-22_12-33-05', '2017-03-22_12-39-51', '2017-03-22_12-59-40', '2017-03-22_13-20-06', '2017-03-22_13-40-07']",middleDiD,1.8723939895,63556,"['noisebursts', 'tuningCurve', 'AM', 'bandwidth', 'bandwidth', 'bandwidth', 'noiseAmps']",band023,4,1
231,"[None, 'band023_am_tuning_curve_20170322l.h5', 'band023_am_tuning_curve_20170322m.h5', 'band023_bandwidth_am_20170322n.h5', 'band023_bandwidth_am_20170322o.h5', 'band023_bandwidth_am_20170322p.h5', 'band023_am_tuning_curve_20170322q.h5']",right_thalamus,6,2017-03-22,3540,"['2017-03-22_12-18-22', '2017-03-22_12-21-32', '2017-03-22_12-33-05', '2017-03-22_12-39-51', '2017-03-22_12-59-40', '2017-03-22_13-20-06', '2017-03-22_13-40-07']",middleDiD,0.1407634346,24155,"['noisebursts', 'tuningCurve', 'AM', 'bandwidth', 'bandwidth', 'bandwidth', 'noiseAmps']",band023,4,1
232,"[None, 'band023_am_tuning_curve_20170322l.h5', 'band023_am_tuning_curve_20170322m.h5', 'band023_bandwidth_am_20170322n.h5', 'band023_bandwidth_am_20170322o.h5', 'band023_bandwidth_am_20170322p.h5', 'band023_am_tuning_curve_20170322q.h5']",right_thalamus,2,2017-03-22,3540,"['2017-03-22_12-18-22', '2017-03-22_12-21-32', '2017-03-22_12-33-05', '2017-03-22_12-39-51', '2017-03-22_12-59-40', '2017-03-22_13-20-06', '2017-03-22_13-40-07']",middleDiD,1.902173913,36433,"['noisebursts', 'tuningCurve', 'AM', 'bandwidth', 'bandwidth', 'bandwidth', 'noiseAmps']",band023,6,1
235,"[None, 'band023_am_tuning_curve_20170323a.h5', 'band023_am_tuning_curve_20170323b.h5', 'band023_bandwidth_am_20170323c.h5', 'band023_bandwidth_am_20170323d.h5', 'band023_am_tuning_curve_20170323e.h5']",right_thalamus,4,2017-03-23,3300,"['2017-03-23_10-13-11', '2017-03-23_10-17-10', '2017-03-23_10-27-50', '2017-03-23_10-34-32', '2017-03-23_10-54-47', '2017-03-23_11-13-06']",posteriorDiI,0.4376252241,18967,"['noisebursts', 'tuningCurve', 'AM', 'bandwidth', 'bandwidth', 'noiseAmps']",band023,2,1
239,"[None, 'band023_am_tuning_curve_20170323a.h5', 'band023_am_tuning_curve_20170323b.h5', 'band023_bandwidth_am_20170323c.h5', 'band023_bandwidth_am_20170323d.h5', 'band023_am_tuning_curve_20170323e.h5']",right_thalamus,2,2017-03-23,3300,"['2017-03-23_10-13-11', '2017-03-23_10-17-10', '2017-03-23_10-27-50', '2017-03-23_10-34-32', '2017-03-23_10-54-47', '2017-03-23_11-13-06']",posteriorDiI,0.483214649,3933,"['noisebursts', 'tuningCurve', 'AM', 'bandwidth', 'bandwidth', 'noiseAmps']",band023,3,1
259,"[None, 'band023_am_tuning_curve_20170323a.h5', 'band023_am_tuning_curve_20170323b.h5', 'band023_bandwidth_am_20170323c.h5', 'band023_bandwidth_am_20170323d.h5', 'band023_am_tuning_curve_20170323e.h5']",right_thalamus,6,2017-03-23,3300,"['2017-03-23_10-13-11', '2017-03-23_10-17-10', '2017-03-23_10-27-50', '2017-03-23_10-34-32', '2017-03-23_10-54-47', '2017-03-23_11-13-06']",posteriorDiI,0.199123855,2512,"['noisebursts', 'tuningCurve', 'AM', 'bandwidth', 'bandwidth', 'noiseAmps']",band023,8,1
263,"[None, 'band023_am_tuning_curve_20170323f.h5', 'band023_am_tuning_curve_20170323g.h5', 'band023_bandwidth_am_20170323h.h5', 'band023_am_tuning_curve_20170323i.h5']",right_thalamus,4,2017-03-23,3532,"['2017-03-23_11-21-51', '2017-03-23_11-25-34', '2017-03-23_11-36-10', '2017-03-23_11-44-33', '2017-03-23_12-02-59']",posteriorDiI,0.0,3528,"['noisebursts', 'tuningCurve', 'AM', 'bandwidth', 'noiseAmps']",band023,2,1
265,"[None, 'band023_am_tuning_curve_20170323f.h5', 'band023_am_tuning_curve_20170323g.h5', 'band023_bandwidth_am_20170323h.h5', 'band023_am_tuning_curve_20170323i.h5']",right_thalamus,6,2017-03-23,3532,"['2017-03-23_11-21-51', '2017-03-23_11-25-34', '2017-03-23_11-36-10', '2017-03-23_11-44-33', '2017-03-23_12-02-59']",posteriorDiI,0.0444510298,6750,"['noisebursts', 'tuningCurve', 'AM', 'bandwidth', 'noiseAmps']",band023,2,1
272,"[None, 'band023_am_tuning_curve_20170323f.h5', 'band023_am_tuning_curve_20170323g.h5', 'band023_bandwidth_am_20170323h.h5', 'band023_am_tuning_curve_20170323i.h5']",right_thalamus,4,2017-03-23,3532,"['2017-03-23_11-21-51', '2017-03-23_11-25-34', '2017-03-23_11-36-10', '2017-03-23_11-44-33', '2017-03-23_12-02-59']",posteriorDiI,0.0,4077,"['noisebursts', 'tuningCurve', 'AM', 'bandwidth', 'noiseAmps']",band023,5,1
285,"[None, 'band023_am_tuning_curve_20170323f.h5', 'band023_am_tuning_curve_20170323g.h5', 'band023_bandwidth_am_20170323h.h5', 'band023_am_tuning_curve_20170323i.h5']",right_thalamus,5,2017-03-23,3532,"['2017-03-23_11-21-51', '2017-03-23_11-25-34', '2017-03-23_11-36-10', '2017-03-23_11-44-33', '2017-03-23_12-02-59']",posteriorDiI,0.404244568,1980,"['noisebursts', 'tuningCurve', 'AM', 'bandwidth', 'noiseAmps']",band023,7,1
289,"[None, 'band023_am_tuning_curve_20170323f.h5', 'band023_am_tuning_curve_20170323g.h5', 'band023_bandwidth_am_20170323h.h5', 'band023_am_tuning_curve_20170323i.h5']",right_thalamus,3,2017-03-23,3532,"['2017-03-23_11-21-51', '2017-03-23_11-25-34', '2017-03-23_11-36-10', '2017-03-23_11-44-33', '2017-03-23_12-02-59']",posteriorDiI,0.2257846015,8859,"['noisebursts', 'tuningCurve', 'AM', 'bandwidth', 'noiseAmps']",band023,8,1
292,"[None, 'band023_am_tuning_curve_20170323f.h5', 'band023_am_tuning_curve_20170323g.h5', 'band023_bandwidth_am_20170323h.h5', 'band023_am_tuning_curve_20170323i.h5']",right_thalamus,6,2017-03-23,3532,"['2017-03-23_11-21-51', '2017-03-23_11-25-34', '2017-03-23_11-36-10', '2017-03-23_11-44-33', '2017-03-23_12-02-59']",posteriorDiI,0.0,1656,"['noisebursts', 'tuningCurve', 'AM', 'bandwidth', 'noiseAmps']",band023,8,1
296,"[None, 'band023_am_tuning_curve_20170324a.h5', 'band023_am_tuning_curve_20170324b.h5', 'band023_bandwidth_am_20170324c.h5', 'band023_bandwidth_am_20170324d.h5', 'band023_am_tuning_curve_20170324e.h5']",left_thalamus,5,2017-03-24,3000,"['2017-03-24_10-23-22', '2017-03-24_10-26-51', '2017-03-24_10-37-39', '2017-03-24_10-48-00', '2017-03-24_11-09-03', '2017-03-24_11-27-30']",anteriorDiI,0.3348961822,1494,"['noisebursts', 'tuningCurve', 'AM', 'bandwidth', 'bandwidth', 'noiseAmps']",band023,1,1
301,"[None, 'band023_am_tuning_curve_20170324a.h5', 'band023_am_tuning_curve_20170324b.h5', 'band023_bandwidth_am_20170324c.h5', 'band023_bandwidth_am_20170324d.h5', 'band023_am_tuning_curve_20170324e.h5']",left_thalamus,4,2017-03-24,3000,"['2017-03-24_10-23-22', '2017-03-24_10-26-51', '2017-03-24_10-37-39', '2017-03-24_10-48-00', '2017-03-24_11-09-03', '2017-03-24_11-27-30']",anteriorDiI,0.0229029488,17466,"['noisebursts', 'tuningCurve', 'AM', 'bandwidth', 'bandwidth', 'noiseAmps']",band023,3,1
307,"[None, 'band023_am_tuning_curve_20170324a.h5', 'band023_am_tuning_curve_20170324b.h5', 'band023_bandwidth_am_20170324c.h5', 'band023_bandwidth_am_20170324d.h5', 'band023_am_tuning_curve_20170324e.h5']",left_thalamus,3,2017-03-24,3000,"['2017-03-24_10-23-22', '2017-03-24_10-26-51', '2017-03-24_10-37-39', '2017-03-24_10-48-00', '2017-03-24_11-09-03', '2017-03-24_11-27-30']",anteriorDiI,1.7820213252,74467,"['noisebursts', 'tuningCurve', 'AM', 'bandwidth', 'bandwidth', 'noiseAmps']",band023,8,1
313,"[None, 'band023_am_tuning_curve_20170324f.h5', 'band023_am_tuning_curve_20170324g.h5', 'band023_bandwidth_am_20170324h.h5', 'band023_am_tuning_curve_20170324i.h5']",left_thalamus,3,2017-03-24,3106,"['2017-03-24_11-36-24', '2017-03-24_11-39-07', '2017-03-24_11-49-44', '2017-03-24_11-56-21', '2017-03-24_12-14-57']",anteriorDiI,1.004657352,15031,"['noisebursts', 'tuningCurve', 'AM', 'bandwidth', 'noiseAmps']",band023,6,1
324,"[None, 'band023_am_tuning_curve_20170324j.h5', 'band023_am_tuning_curve_20170324k.h5', 'band023_bandwidth_am_20170324l.h5', 'band023_am_tuning_curve_20170324m.h5']",left_thalamus,4,2017-03-24,3350,"['2017-03-24_12-23-06', '2017-03-24_12-26-18', '2017-03-24_12-37-33', '2017-03-24_12-42-45', '2017-03-24_13-01-14']",anteriorDiI,0.1239157373,808,"['noisebursts', 'tuningCurve', 'AM', 'bandwidth', 'noiseAmps']",band023,6,1
326,"[None, 'band023_am_tuning_curve_20170324j.h5', 'band023_am_tuning_curve_20170324k.h5', 'band023_bandwidth_am_20170324l.h5', 'band023_am_tuning_curve_20170324m.h5']",left_thalamus,6,2017-03-24,3350,"['2017-03-24_12-23-06', '2017-03-24_12-26-18', '2017-03-24_12-37-33', '2017-03-24_12-42-45', '2017-03-24_13-01-14']",anteriorDiI,0.6491258439,57771,"['noisebursts', 'tuningCurve', 'AM', 'bandwidth', 'noiseAmps']",band023,7,1
333,[None],left_thalamus,2,2017-03-26,3135,['2017-03-26_14-30-25'],middleDiD,0.3533568905,284,['noisebursts'],band023,4,1
348,"[None, 'band023_am_tuning_curve_20170326a.h5', 'band023_am_tuning_curve_20170326b.h5']",left_thalamus,4,2017-03-26,3200,"['2017-03-26_14-35-21', '2017-03-26_14-37-14', '2017-03-26_14-48-06']",middleDiD,0.0490436488,2040,"['noisebursts', 'tuningCurve', 'AM']",band023,4,1
350,"[None, 'band023_am_tuning_curve_20170326a.h5', 'band023_am_tuning_curve_20170326b.h5']",left_thalamus,1,2017-03-26,3200,"['2017-03-26_14-35-21', '2017-03-26_14-37-14', '2017-03-26_14-48-06']",middleDiD,0.0,36,"['noisebursts', 'tuningCurve', 'AM']",band023,6,1
352,"[None, 'band023_am_tuning_curve_20170326a.h5', 'band023_am_tuning_curve_20170326b.h5']",left_thalamus,2,2017-03-26,3200,"['2017-03-26_14-35-21', '2017-03-26_14-37-14', '2017-03-26_14-48-06']",middleDiD,0.1034126163,1935,"['noisebursts', 'tuningCurve', 'AM']",band023,7,1
354,"[None, 'band023_am_tuning_curve_20170326a.h5', 'band023_am_tuning_curve_20170326b.h5']",left_thalamus,4,2017-03-26,3200,"['2017-03-26_14-35-21', '2017-03-26_14-37-14', '2017-03-26_14-48-06']",middleDiD,0.4415011038,907,"['noisebursts', 'tuningCurve', 'AM']",band023,7,1
357,"[None, 'band023_am_tuning_curve_20170326a.h5', 'band023_am_tuning_curve_20170326b.h5']",left_thalamus,3,2017-03-26,3200,"['2017-03-26_14-35-21', '2017-03-26_14-37-14', '2017-03-26_14-48-06']",middleDiD,0.0,944,"['noisebursts', 'tuningCurve', 'AM']",band023,8,1
360,"[None, 'band023_am_tuning_curve_20170326c.h5', 'band023_am_tuning_curve_20170326d.h5', 'band023_bandwidth_am_20170326e.h5', 'band023_bandwidth_am_20170326f.h5', 'band023_am_tuning_curve_20170326g.h5']",left_thalamus,3,2017-03-26,3350,"['2017-03-26_14-59-16', '2017-03-26_15-02-38', '2017-03-26_15-13-39', '2017-03-26_15-19-49', '2017-03-26_15-40-41', '2017-03-26_16-01-19']",middleDiD,0.1607878605,9952,"['noisebursts', 'tuningCurve', 'AM', 'bandwidth', 'bandwidth', 'noiseAmps']",band023,1,1
371,"[None, 'band023_am_tuning_curve_20170326c.h5', 'band023_am_tuning_curve_20170326d.h5', 'band023_bandwidth_am_20170326e.h5', 'band023_bandwidth_am_20170326f.h5', 'band023_am_tuning_curve_20170326g.h5']",left_thalamus,6,2017-03-26,3350,"['2017-03-26_14-59-16', '2017-03-26_15-02-38', '2017-03-26_15-13-39', '2017-03-26_15-19-49', '2017-03-26_15-40-41', '2017-03-26_16-01-19']",middleDiD,0.1775410564,6760,"['noisebursts', 'tuningCurve', 'AM', 'bandwidth', 'bandwidth', 'noiseAmps']",band023,4,1
373,"[None, 'band023_am_tuning_curve_20170326c.h5', 'band023_am_tuning_curve_20170326d.h5', 'band023_bandwidth_am_20170326e.h5', 'band023_bandwidth_am_20170326f.h5', 'band023_am_tuning_curve_20170326g.h5']",left_thalamus,3,2017-03-26,3350,"['2017-03-26_14-59-16', '2017-03-26_15-02-38', '2017-03-26_15-13-39', '2017-03-26_15-19-49', '2017-03-26_15-40-41', '2017-03-26_16-01-19']",middleDiD,0.0,177,"['noisebursts', 'tuningCurve', 'AM', 'bandwidth', 'bandwidth', 'noiseAmps']",band023,5,1
388,"[None, 'band023_am_tuning_curve_20170326h.h5', 'band023_am_tuning_curve_20170326i.h5', 'band023_bandwidth_am_20170326j.h5', 'band023_bandwidth_am_20170326k.h5', 'band023_am_tuning_curve_20170326l.h5']",left_thalamus,5,2017-03-26,3550,"['2017-03-26_16-09-48', '2017-03-26_16-13-03', '2017-03-26_16-24-03', '2017-03-26_16-31-32', '2017-03-26_16-52-55', '2017-03-26_17-11-30']",middleDiD,0.2508528999,9967,"['noisebursts', 'tuningCurve', 'AM', 'bandwidth', 'bandwidth', 'noiseAmps']",band023,1,1
392,"[None, 'band023_am_tuning_curve_20170326h.h5', 'band023_am_tuning_curve_20170326i.h5', 'band023_bandwidth_am_20170326j.h5', 'band023_bandwidth_am_20170326k.h5', 'band023_am_tuning_curve_20170326l.h5']",left_thalamus,3,2017-03-26,3550,"['2017-03-26_16-09-48', '2017-03-26_16-13-03', '2017-03-26_16-24-03', '2017-03-26_16-31-32', '2017-03-26_16-52-55', '2017-03-26_17-11-30']",middleDiD,0.868878357,3799,"['noisebursts', 'tuningCurve', 'AM', 'bandwidth', 'bandwidth', 'noiseAmps']",band023,2,1
393,"[None, 'band023_am_tuning_curve_20170326h.h5', 'band023_am_tuning_curve_20170326i.h5', 'band023_bandwidth_am_20170326j.h5', 'band023_bandwidth_am_20170326k.h5', 'band023_am_tuning_curve_20170326l.h5']",left_thalamus,4,2017-03-26,3550,"['2017-03-26_16-09-48', '2017-03-26_16-13-03', '2017-03-26_16-24-03', '2017-03-26_16-31-32', '2017-03-26_16-52-55', '2017-03-26_17-11-30']",middleDiD,0.0,1653,"['noisebursts', 'tuningCurve', 'AM', 'bandwidth', 'bandwidth', 'noiseAmps']",band023,2,1
395,"[None, 'band023_am_tuning_curve_20170326h.h5', 'band023_am_tuning_curve_20170326i.h5', 'band023_bandwidth_am_20170326j.h5', 'band023_bandwidth_am_20170326k.h5', 'band023_am_tuning_curve_20170326l.h5']",left_thalamus,6,2017-03-26,3550,"['2017-03-26_16-09-48', '2017-03-26_16-13-03', '2017-03-26_16-24-03', '2017-03-26_16-31-32', '2017-03-26_16-52-55', '2017-03-26_17-11-30']",middleDiD,0.3780718336,6349,"['noisebursts', 'tuningCurve', 'AM', 'bandwidth', 'bandwidth', 'noiseAmps']",band023,2,1
396,"[None, 'band023_am_tuning_curve_20170326h.h5', 'band023_am_tuning_curve_20170326i.h5', 'band023_bandwidth_am_20170326j.h5', 'band023_bandwidth_am_20170326k.h5', 'band023_am_tuning_curve_20170326l.h5']",left_thalamus,5,2017-03-26,3550,"['2017-03-26_16-09-48', '2017-03-26_16-13-03', '2017-03-26_16-24-03', '2017-03-26_16-31-32', '2017-03-26_16-52-55', '2017-03-26_17-11-30']",middleDiD,1.2145517044,17456,"['noisebursts', 'tuningCurve', 'AM', 'bandwidth', 'bandwidth', 'noiseAmps']",band023,3,1
398,"[None, 'band023_am_tuning_curve_20170326h.h5', 'band023_am_tuning_curve_20170326i.h5', 'band023_bandwidth_am_20170326j.h5', 'band023_bandwidth_am_20170326k.h5', 'band023_am_tuning_curve_20170326l.h5']",left_thalamus,2,2017-03-26,3550,"['2017-03-26_16-09-48', '2017-03-26_16-13-03', '2017-03-26_16-24-03', '2017-03-26_16-31-32', '2017-03-26_16-52-55', '2017-03-26_17-11-30']",middleDiD,0.3265306122,3676,"['noisebursts', 'tuningCurve', 'AM', 'bandwidth', 'bandwidth', 'noiseAmps']",band023,4,1
399,"[None, 'band023_am_tuning_curve_20170326h.h5', 'band023_am_tuning_curve_20170326i.h5', 'band023_bandwidth_am_20170326j.h5', 'band023_bandwidth_am_20170326k.h5', 'band023_am_tuning_curve_20170326l.h5']",left_thalamus,3,2017-03-26,3550,"['2017-03-26_16-09-48', '2017-03-26_16-13-03', '2017-03-26_16-24-03', '2017-03-26_16-31-32', '2017-03-26_16-52-55', '2017-03-26_17-11-30']",middleDiD,0.0,566,"['noisebursts', 'tuningCurve', 'AM', 'bandwidth', 'bandwidth', 'noiseAmps']",band023,4,1
